periodo,anio,mes,banco,grupo,indicador,segmento,valor
2023-01-01,2023,1,banco_bci,banca_tradicional,indice_provisiones,adeudado_bancos,0.11412740302698021
2023-01-01,2023,1,banco_bci,banca_tradicional,indice_provisiones,comerciales,1.946226486622285
2023-01-01,2023,1,banco_bci,banca_tradicional,indice_provisiones,consumo,7.747939158080913
2023-01-01,2023,1,banco_bci,banca_tradicional,indice_provisiones,personas_total,2.010674970103653
2023-01-01,2023,1,banco_bci,banca_tradicional,indice_provisiones,total_colocaciones,1.9742810842857086
2023-01-01,2023,1,banco_bci,banca_tradicional,indice_provisiones,vivienda,0.4002874528697412
2023-01-01,2023,1,banco_de_chile,banca_tradicional,indice_provisiones,adeudado_bancos,0.18221043042136756
2023-01-01,2023,1,banco_de_chile,banca_tradicional,indice_provisiones,comerciales,1.8855891595057455
2023-01-01,2023,1,banco_de_chile,banca_tradicional,indice_provisiones,consumo,6.81099666026082
2023-01-01,2023,1,banco_de_chile,banca_tradicional,indice_provisiones,personas_total,2.2501935260495305
2023-01-01,2023,1,banco_de_chile,banca_tradicional,indice_provisiones,total_colocaciones,2.049848331377539
2023-01-01,2023,1,banco_de_chile,banca_tradicional,indice_provisiones,vivienda,0.2554403376743446
2023-01-01,2023,1,banco_falabella,retail_financiero,indice_provisiones,adeudado_bancos,
2023-01-01,2023,1,banco_falabella,retail_financiero,indice_provisiones,comerciales,3.413381824066257
2023-01-01,2023,1,banco_falabella,retail_financiero,indice_provisiones,consumo,9.443928440591646
2023-01-01,2023,1,banco_falabella,retail_financiero,indice_provisiones,personas_total,5.949995278550761
2023-01-01,2023,1,banco_falabella,retail_financiero,indice_provisiones,total_colocaciones,5.8335931060969735
2023-01-01,2023,1,banco_falabella,retail_financiero,indice_provisiones,vivienda,0.45991799510094883
2023-01-01,2023,1,banco_ripley,retail_financiero,indice_provisiones,adeudado_bancos,
2023-01-01,2023,1,banco_ripley,retail_financiero,indice_provisiones,comerciales,14.158850664723449
2023-01-01,2023,1,banco_ripley,retail_financiero,indice_provisiones,consumo,8.816320948550146
2023-01-01,2023,1,banco_ripley,retail_financiero,indice_provisiones,personas_total,7.26725801138305
2023-01-01,2023,1,banco_ripley,retail_financiero,indice_provisiones,total_colocaciones,7.287625614019847
2023-01-01,2023,1,banco_ripley,retail_financiero,indice_provisiones,vivienda,0.4574253370054847
2023-01-01,2023,1,banco_santander_chile,banca_tradicional,indice_provisiones,adeudado_bancos,0.146325100435132
2023-01-01,2023,1,banco_santander_chile,banca_tradicional,indice_provisiones,comerciales,3.4124879159560884
2023-01-01,2023,1,banco_santander_chile,banca_tradicional,indice_provisiones,consumo,5.924980035220764
2023-01-01,2023,1,banco_santander_chile,banca_tradicional,indice_provisiones,personas_total,1.8465003617455173
2023-01-01,2023,1,banco_santander_chile,banca_tradicional,indice_provisiones,total_colocaciones,2.58131183483624
2023-01-01,2023,1,banco_santander_chile,banca_tradicional,indice_provisiones,vivienda,0.7004186053778944
2023-02-01,2023,2,banco_bci,banca_tradicional,indice_provisiones,adeudado_bancos,0.11114203718919793
2023-02-01,2023,2,banco_bci,banca_tradicional,indice_provisiones,comerciales,1.9285740923745367
2023-02-01,2023,2,banco_bci,banca_tradicional,indice_provisiones,consumo,8.104342173852851
2023-02-01,2023,2,banco_bci,banca_tradicional,indice_provisiones,personas_total,2.0814309939568454
2023-02-01,2023,2,banco_bci,banca_tradicional,indice_provisiones,total_colocaciones,1.9941366869947894
2023-02-01,2023,2,banco_bci,banca_tradicional,indice_provisiones,vivienda,0.41539682187272414
2023-02-01,2023,2,banco_de_chile,banca_tradicional,indice_provisiones,adeudado_bancos,0.1767231488103236
2023-02-01,2023,2,banco_de_chile,banca_tradicional,indice_provisiones,comerciales,1.8872960361755686
2023-02-01,2023,2,banco_de_chile,banca_tradicional,indice_provisiones,consumo,6.954435244592803
2023-02-01,2023,2,banco_de_chile,banca_tradicional,indice_provisiones,personas_total,2.281707784111462
2023-02-01,2023,2,banco_de_chile,banca_tradicional,indice_provisiones,total_colocaciones,2.0646168035573766
2023-02-01,2023,2,banco_de_chile,banca_tradicional,indice_provisiones,vivienda,0.2626760154613269
2023-02-01,2023,2,banco_falabella,retail_financiero,indice_provisiones,adeudado_bancos,
2023-02-01,2023,2,banco_falabella,retail_financiero,indice_provisiones,comerciales,3.558549317931007
2023-02-01,2023,2,banco_falabella,retail_financiero,indice_provisiones,consumo,9.548923818090758
2023-02-01,2023,2,banco_falabella,retail_financiero,indice_provisiones,personas_total,5.964203717105998
2023-02-01,2023,2,banco_falabella,retail_financiero,indice_provisiones,total_colocaciones,5.852821850127268
2023-02-01,2023,2,banco_falabella,retail_financiero,indice_provisiones,vivienda,0.464695715630251
2023-02-01,2023,2,banco_ripley,retail_financiero,indice_provisiones,adeudado_bancos,
2023-02-01,2023,2,banco_ripley,retail_financiero,indice_provisiones,comerciales,13.711914059529121
2023-02-01,2023,2,banco_ripley,retail_financiero,indice_provisiones,consumo,9.022853165578978
2023-02-01,2023,2,banco_ripley,retail_financiero,indice_provisiones,personas_total,7.464260416709897
2023-02-01,2023,2,banco_ripley,retail_financiero,indice_provisiones,total_colocaciones,7.4817391123233445
2023-02-01,2023,2,banco_ripley,retail_financiero,indice_provisiones,vivienda,0.520225928219028
2023-02-01,2023,2,banco_santander_chile,banca_tradicional,indice_provisiones,adeudado_bancos,0.21875011858788423
2023-02-01,2023,2,banco_santander_chile,banca_tradicional,indice_provisiones,comerciales,3.419726549525641
2023-02-01,2023,2,banco_santander_chile,banca_tradicional,indice_provisiones,consumo,5.999093492692184
2023-02-01,2023,2,banco_santander_chile,banca_tradicional,indice_provisiones,personas_total,1.876733043805579
2023-02-01,2023,2,banco_santander_chile,banca_tradicional,indice_provisiones,total_colocaciones,2.6016172538476576
2023-02-01,2023,2,banco_santander_chile,banca_tradicional,indice_provisiones,vivienda,0.7340500265380667
2023-03-01,2023,3,banco_bci,banca_tradicional,indice_provisiones,adeudado_bancos,0.11186202527916564
2023-03-01,2023,3,banco_bci,banca_tradicional,indice_provisiones,comerciales,1.9717019866875702
2023-03-01,2023,3,banco_bci,banca_tradicional,indice_provisiones,consumo,8.088006363977142
2023-03-01,2023,3,banco_bci,banca_tradicional,indice_provisiones,personas_total,2.0734936949795295
2023-03-01,2023,3,banco_bci,banca_tradicional,indice_provisiones,total_colocaciones,2.0157944520744095
2023-03-01,2023,3,banco_bci,banca_tradicional,indice_provisiones,vivienda,0.4252206718062803
2023-03-01,2023,3,banco_de_chile,banca_tradicional,indice_provisiones,adeudado_bancos,0.21683180653789275
2023-03-01,2023,3,banco_de_chile,banca_tradicional,indice_provisiones,comerciales,1.8833907288255642
2023-03-01,2023,3,banco_de_chile,banca_tradicional,indice_provisiones,consumo,6.929621801214138
2023-03-01,2023,3,banco_de_chile,banca_tradicional,indice_provisiones,personas_total,2.3008153323105334
2023-03-01,2023,3,banco_de_chile,banca_tradicional,indice_provisiones,total_colocaciones,2.071637899059368
2023-03-01,2023,3,banco_de_chile,banca_tradicional,indice_provisiones,vivienda,0.2578897593268147
2023-03-01,2023,3,banco_falabella,retail_financiero,indice_provisiones,adeudado_bancos,
2023-03-01,2023,3,banco_falabella,retail_financiero,indice_provisiones,comerciales,3.7466840257967577
2023-03-01,2023,3,banco_falabella,retail_financiero,indice_provisiones,consumo,9.628811064042543
2023-03-01,2023,3,banco_falabella,retail_financiero,indice_provisiones,personas_total,5.965559507972341
2023-03-01,2023,3,banco_falabella,retail_financiero,indice_provisiones,total_colocaciones,5.860898215013465
2023-03-01,2023,3,banco_falabella,retail_financiero,indice_provisiones,vivienda,0.476688143694905
2023-03-01,2023,3,banco_ripley,retail_financiero,indice_provisiones,adeudado_bancos,
2023-03-01,2023,3,banco_ripley,retail_financiero,indice_provisiones,comerciales,13.630669204812099
2023-03-01,2023,3,banco_ripley,retail_financiero,indice_provisiones,consumo,8.999826666055148
2023-03-01,2023,3,banco_ripley,retail_financiero,indice_provisiones,personas_total,7.455963671649697
2023-03-01,2023,3,banco_ripley,retail_financiero,indice_provisiones,total_colocaciones,7.472454148168471
2023-03-01,2023,3,banco_ripley,retail_financiero,indice_provisiones,vivienda,0.4446573928923993
2023-03-01,2023,3,banco_santander_chile,banca_tradicional,indice_provisiones,adeudado_bancos,0.13646134138104782
2023-03-01,2023,3,banco_santander_chile,banca_tradicional,indice_provisiones,comerciales,3.3920558497468334
2023-03-01,2023,3,banco_santander_chile,banca_tradicional,indice_provisiones,consumo,5.865764712108409
2023-03-01,2023,3,banco_santander_chile,banca_tradicional,indice_provisiones,personas_total,1.879567632515737
2023-03-01,2023,3,banco_santander_chile,banca_tradicional,indice_provisiones,total_colocaciones,2.5854206644804005
2023-03-01,2023,3,banco_santander_chile,banca_tradicional,indice_provisiones,vivienda,0.7578457771242811
2023-04-01,2023,4,banco_bci,banca_tradicional,indice_provisiones,adeudado_bancos,0.11300204399992941
2023-04-01,2023,4,banco_bci,banca_tradicional,indice_provisiones,comerciales,1.9691078399162776
2023-04-01,2023,4,banco_bci,banca_tradicional,indice_provisiones,consumo,8.322571520940462
2023-04-01,2023,4,banco_bci,banca_tradicional,indice_provisiones,personas_total,2.106890796157248
2023-04-01,2023,4,banco_bci,banca_tradicional,indice_provisiones,total_colocaciones,2.0282870323242808
2023-04-01,2023,4,banco_bci,banca_tradicional,indice_provisiones,vivienda,0.4361217351533181
2023-04-01,2023,4,banco_de_chile,banca_tradicional,indice_provisiones,adeudado_bancos,0.20959549425717638
2023-04-01,2023,4,banco_de_chile,banca_tradicional,indice_provisiones,comerciales,1.8513025864370969
2023-04-01,2023,4,banco_de_chile,banca_tradicional,indice_provisiones,consumo,6.895135658522801
2023-04-01,2023,4,banco_de_chile,banca_tradicional,indice_provisiones,personas_total,2.278862217501908
2023-04-01,2023,4,banco_de_chile,banca_tradicional,indice_provisiones,total_colocaciones,2.0448035279547923
2023-04-01,2023,4,banco_de_chile,banca_tradicional,indice_provisiones,vivienda,0.26339890225250634
2023-04-01,2023,4,banco_falabella,retail_financiero,indice_provisiones,adeudado_bancos,
2023-04-01,2023,4,banco_falabella,retail_financiero,indice_provisiones,comerciales,3.8995356351270996
2023-04-01,2023,4,banco_falabella,retail_financiero,indice_provisiones,consumo,9.805162604269642
2023-04-01,2023,4,banco_falabella,retail_financiero,indice_provisiones,personas_total,6.01553999793875
2023-04-01,2023,4,banco_falabella,retail_financiero,indice_provisiones,total_colocaciones,5.914457443058168
2023-04-01,2023,4,banco_falabella,retail_financiero,indice_provisiones,vivienda,0.4813254648195781
2023-04-01,2023,4,banco_ripley,retail_financiero,indice_provisiones,adeudado_bancos,
2023-04-01,2023,4,banco_ripley,retail_financiero,indice_provisiones,comerciales,13.34447823911793
2023-04-01,2023,4,banco_ripley,retail_financiero,indice_provisiones,consumo,9.016689295221152
2023-04-01,2023,4,banco_ripley,retail_financiero,indice_provisiones,personas_total,7.487452938867678
2023-04-01,2023,4,banco_ripley,retail_financiero,indice_provisiones,total_colocaciones,7.502542465035236
2023-04-01,2023,4,banco_ripley,retail_financiero,indice_provisiones,vivienda,0.5063955939332825
2023-04-01,2023,4,banco_santander_chile,banca_tradicional,indice_provisiones,adeudado_bancos,0.21874995813023976
2023-04-01,2023,4,banco_santander_chile,banca_tradicional,indice_provisiones,comerciales,3.397228064931905
2023-04-01,2023,4,banco_santander_chile,banca_tradicional,indice_provisiones,consumo,5.919948864464576
2023-04-01,2023,4,banco_santander_chile,banca_tradicional,indice_provisiones,personas_total,1.900776497535991
2023-04-01,2023,4,banco_santander_chile,banca_tradicional,indice_provisiones,total_colocaciones,2.5980550283753363
2023-04-01,2023,4,banco_santander_chile,banca_tradicional,indice_provisiones,vivienda,0.7700383266409118
2023-05-01,2023,5,banco_bci,banca_tradicional,indice_provisiones,adeudado_bancos,0.12450172391800912
2023-05-01,2023,5,banco_bci,banca_tradicional,indice_provisiones,comerciales,1.979347034749328
2023-05-01,2023,5,banco_bci,banca_tradicional,indice_provisiones,consumo,8.274644323386413
2023-05-01,2023,5,banco_bci,banca_tradicional,indice_provisiones,personas_total,2.0925119931663363
2023-05-01,2023,5,banco_bci,banca_tradicional,indice_provisiones,total_colocaciones,2.027835603511526
2023-05-01,2023,5,banco_bci,banca_tradicional,indice_provisiones,vivienda,0.4477578986505879
2023-05-01,2023,5,banco_de_chile,banca_tradicional,indice_provisiones,adeudado_bancos,0.20920934753471662
2023-05-01,2023,5,banco_de_chile,banca_tradicional,indice_provisiones,comerciales,1.8763518626802835
2023-05-01,2023,5,banco_de_chile,banca_tradicional,indice_provisiones,consumo,6.889217467896248
2023-05-01,2023,5,banco_de_chile,banca_tradicional,indice_provisiones,personas_total,2.2905702406903767
2023-05-01,2023,5,banco_de_chile,banca_tradicional,indice_provisiones,total_colocaciones,2.066704302982854
2023-05-01,2023,5,banco_de_chile,banca_tradicional,indice_provisiones,vivienda,0.2623035310762538
2023-05-01,2023,5,banco_falabella,retail_financiero,indice_provisiones,adeudado_bancos,
2023-05-01,2023,5,banco_falabella,retail_financiero,indice_provisiones,comerciales,4.056990309736172
2023-05-01,2023,5,banco_falabella,retail_financiero,indice_provisiones,consumo,10.147233756684003
2023-05-01,2023,5,banco_falabella,retail_financiero,indice_provisiones,personas_total,6.142572194932
2023-05-01,2023,5,banco_falabella,retail_financiero,indice_provisiones,total_colocaciones,6.0405226102386775
2023-05-01,2023,5,banco_falabella,retail_financiero,indice_provisiones,vivienda,0.46848442266508394
2023-05-01,2023,5,banco_ripley,retail_financiero,indice_provisiones,adeudado_bancos,
2023-05-01,2023,5,banco_ripley,retail_financiero,indice_provisiones,comerciales,13.039841996238552
2023-05-01,2023,5,banco_ripley,retail_financiero,indice_provisiones,consumo,8.93791855414243
2023-05-01,2023,5,banco_ripley,retail_financiero,indice_provisiones,personas_total,7.469183995992654
2023-05-01,2023,5,banco_ripley,retail_financiero,indice_provisiones,total_colocaciones,7.48282964490686
2023-05-01,2023,5,banco_ripley,retail_financiero,indice_provisiones,vivienda,0.5579405725354677
2023-05-01,2023,5,banco_santander_chile,banca_tradicional,indice_provisiones,adeudado_bancos,0.21874956269678647
2023-05-01,2023,5,banco_santander_chile,banca_tradicional,indice_provisiones,comerciales,3.426204039424003
2023-05-01,2023,5,banco_santander_chile,banca_tradicional,indice_provisiones,consumo,5.94894606097806
2023-05-01,2023,5,banco_santander_chile,banca_tradicional,indice_provisiones,personas_total,1.9234800143912905
2023-05-01,2023,5,banco_santander_chile,banca_tradicional,indice_provisiones,total_colocaciones,2.6225965486336804
2023-05-01,2023,5,banco_santander_chile,banca_tradicional,indice_provisiones,vivienda,0.7893015124850735
2023-06-01,2023,6,banco_bci,banca_tradicional,indice_provisiones,adeudado_bancos,0.18275540651628988
2023-06-01,2023,6,banco_bci,banca_tradicional,indice_provisiones,comerciales,1.9265691116012225
2023-06-01,2023,6,banco_bci,banca_tradicional,indice_provisiones,consumo,8.423972581195542
2023-06-01,2023,6,banco_bci,banca_tradicional,indice_provisiones,personas_total,2.1116607733748087
2023-06-01,2023,6,banco_bci,banca_tradicional,indice_provisiones,total_colocaciones,2.0044570279025784
2023-06-01,2023,6,banco_bci,banca_tradicional,indice_provisiones,vivienda,0.4535788747118431
2023-06-01,2023,6,banco_de_chile,banca_tradicional,indice_provisiones,adeudado_bancos,0.1816921145296909
2023-06-01,2023,6,banco_de_chile,banca_tradicional,indice_provisiones,comerciales,1.9198094731187574
2023-06-01,2023,6,banco_de_chile,banca_tradicional,indice_provisiones,consumo,6.850114794590831
2023-06-01,2023,6,banco_de_chile,banca_tradicional,indice_provisiones,personas_total,2.257027168809406
2023-06-01,2023,6,banco_de_chile,banca_tradicional,indice_provisiones,total_colocaciones,2.0770986681803127
2023-06-01,2023,6,banco_de_chile,banca_tradicional,indice_provisiones,vivienda,0.2570417569650032
2023-06-01,2023,6,banco_falabella,retail_financiero,indice_provisiones,adeudado_bancos,
2023-06-01,2023,6,banco_falabella,retail_financiero,indice_provisiones,comerciales,4.104753967667973
2023-06-01,2023,6,banco_falabella,retail_financiero,indice_provisiones,consumo,10.236341651430227
2023-06-01,2023,6,banco_falabella,retail_financiero,indice_provisiones,personas_total,6.142733229069051
2023-06-01,2023,6,banco_falabella,retail_financiero,indice_provisiones,total_colocaciones,6.042572503180435
2023-06-01,2023,6,banco_falabella,retail_financiero,indice_provisiones,vivienda,0.4840615583750306
2023-06-01,2023,6,banco_ripley,retail_financiero,indice_provisiones,adeudado_bancos,
2023-06-01,2023,6,banco_ripley,retail_financiero,indice_provisiones,comerciales,11.230717890634391
2023-06-01,2023,6,banco_ripley,retail_financiero,indice_provisiones,consumo,9.099110390745768
2023-06-01,2023,6,banco_ripley,retail_financiero,indice_provisiones,personas_total,7.619229216361367
2023-06-01,2023,6,banco_ripley,retail_financiero,indice_provisiones,total_colocaciones,7.627631698234411
2023-06-01,2023,6,banco_ripley,retail_financiero,indice_provisiones,vivienda,0.6344128865012223
2023-06-01,2023,6,banco_santander_chile,banca_tradicional,indice_provisiones,adeudado_bancos,0.03599999872709496
2023-06-01,2023,6,banco_santander_chile,banca_tradicional,indice_provisiones,comerciales,3.486965835719708
2023-06-01,2023,6,banco_santander_chile,banca_tradicional,indice_provisiones,consumo,6.054548624567284
2023-06-01,2023,6,banco_santander_chile,banca_tradicional,indice_provisiones,personas_total,1.9611187932127947
2023-06-01,2023,6,banco_santander_chile,banca_tradicional,indice_provisiones,total_colocaciones,2.663747031022029
2023-06-01,2023,6,banco_santander_chile,banca_tradicional,indice_provisiones,vivienda,0.8162522545002767
2023-07-01,2023,7,banco_bci,banca_tradicional,indice_provisiones,adeudado_bancos,0.16481662619897897
2023-07-01,2023,7,banco_bci,banca_tradicional,indice_provisiones,comerciales,2.0105931108064996
2023-07-01,2023,7,banco_bci,banca_tradicional,indice_provisiones,consumo,8.533035033755706
2023-07-01,2023,7,banco_bci,banca_tradicional,indice_provisiones,personas_total,2.1327931489899763
2023-07-01,2023,7,banco_bci,banca_tradicional,indice_provisiones,total_colocaciones,2.0621857762224907
2023-07-01,2023,7,banco_bci,banca_tradicional,indice_provisiones,vivienda,0.46667780427803024
2023-07-01,2023,7,banco_de_chile,banca_tradicional,indice_provisiones,adeudado_bancos,0.19874578102918797
2023-07-01,2023,7,banco_de_chile,banca_tradicional,indice_provisiones,comerciales,1.9086779258665483
2023-07-01,2023,7,banco_de_chile,banca_tradicional,indice_provisiones,consumo,6.712071348769426
2023-07-01,2023,7,banco_de_chile,banca_tradicional,indice_provisiones,personas_total,2.20482576678463
2023-07-01,2023,7,banco_de_chile,banca_tradicional,indice_provisiones,total_colocaciones,2.0460783918549854
2023-07-01,2023,7,banco_de_chile,banca_tradicional,indice_provisiones,vivienda,0.25542521941343
2023-07-01,2023,7,banco_falabella,retail_financiero,indice_provisiones,adeudado_bancos,
2023-07-01,2023,7,banco_falabella,retail_financiero,indice_provisiones,comerciales,4.219072553424499
2023-07-01,2023,7,banco_falabella,retail_financiero,indice_provisiones,consumo,9.97819688910305
2023-07-01,2023,7,banco_falabella,retail_financiero,indice_provisiones,personas_total,5.94583910336568
2023-07-01,2023,7,banco_falabella,retail_financiero,indice_provisiones,total_colocaciones,5.859877183606674
2023-07-01,2023,7,banco_falabella,retail_financiero,indice_provisiones,vivienda,0.4952216551390483
2023-07-01,2023,7,banco_ripley,retail_financiero,indice_provisiones,adeudado_bancos,
2023-07-01,2023,7,banco_ripley,retail_financiero,indice_provisiones,comerciales,10.928331828525359
2023-07-01,2023,7,banco_ripley,retail_financiero,indice_provisiones,consumo,9.40761068213299
2023-07-01,2023,7,banco_ripley,retail_financiero,indice_provisiones,personas_total,7.882133608826047
2023-07-01,2023,7,banco_ripley,retail_financiero,indice_provisiones,total_colocaciones,7.888639810144905
2023-07-01,2023,7,banco_ripley,retail_financiero,indice_provisiones,vivienda,0.6380624076675261
2023-07-01,2023,7,banco_santander_chile,banca_tradicional,indice_provisiones,adeudado_bancos,0.049764962847037145
2023-07-01,2023,7,banco_santander_chile,banca_tradicional,indice_provisiones,comerciales,3.5255415914925274
2023-07-01,2023,7,banco_santander_chile,banca_tradicional,indice_provisiones,consumo,6.13320949913866
2023-07-01,2023,7,banco_santander_chile,banca_tradicional,indice_provisiones,personas_total,1.9888032850100836
2023-07-01,2023,7,banco_santander_chile,banca_tradicional,indice_provisiones,total_colocaciones,2.694185670533876
2023-07-01,2023,7,banco_santander_chile,banca_tradicional,indice_provisiones,vivienda,0.8271593053602054
2023-08-01,2023,8,banco_bci,banca_tradicional,indice_provisiones,adeudado_bancos,0.16396031397728764
2023-08-01,2023,8,banco_bci,banca_tradicional,indice_provisiones,comerciales,1.9091014722502102
2023-08-01,2023,8,banco_bci,banca_tradicional,indice_provisiones,consumo,8.571744075924247
2023-08-01,2023,8,banco_bci,banca_tradicional,indice_provisiones,personas_total,2.137604053200431
2023-08-01,2023,8,banco_bci,banca_tradicional,indice_provisiones,total_colocaciones,2.005378302103074
2023-08-01,2023,8,banco_bci,banca_tradicional,indice_provisiones,vivienda,0.472957541146313
2023-08-01,2023,8,banco_de_chile,banca_tradicional,indice_provisiones,adeudado_bancos,0.12406313841193685
2023-08-01,2023,8,banco_de_chile,banca_tradicional,indice_provisiones,comerciales,1.8351082353666466
2023-08-01,2023,8,banco_de_chile,banca_tradicional,indice_provisiones,consumo,6.6728619247854395
2023-08-01,2023,8,banco_de_chile,banca_tradicional,indice_provisiones,personas_total,2.201314162410085
2023-08-01,2023,8,banco_de_chile,banca_tradicional,indice_provisiones,total_colocaciones,2.004782295407655
2023-08-01,2023,8,banco_de_chile,banca_tradicional,indice_provisiones,vivienda,0.2567434567439206
2023-08-01,2023,8,banco_falabella,retail_financiero,indice_provisiones,adeudado_bancos,
2023-08-01,2023,8,banco_falabella,retail_financiero,indice_provisiones,comerciales,4.2998131800007915
2023-08-01,2023,8,banco_falabella,retail_financiero,indice_provisiones,consumo,9.653428614970764
2023-08-01,2023,8,banco_falabella,retail_financiero,indice_provisiones,personas_total,5.721769659753393
2023-08-01,2023,8,banco_falabella,retail_financiero,indice_provisiones,total_colocaciones,5.649616867796114
2023-08-01,2023,8,banco_falabella,retail_financiero,indice_provisiones,vivienda,0.49523396058742847
2023-08-01,2023,8,banco_ripley,retail_financiero,indice_provisiones,adeudado_bancos,
2023-08-01,2023,8,banco_ripley,retail_financiero,indice_provisiones,comerciales,10.313862136911148
2023-08-01,2023,8,banco_ripley,retail_financiero,indice_provisiones,consumo,9.780288516376068
2023-08-01,2023,8,banco_ripley,retail_financiero,indice_provisiones,personas_total,8.173276185766602
2023-08-01,2023,8,banco_ripley,retail_financiero,indice_provisiones,total_colocaciones,8.177690539659652
2023-08-01,2023,8,banco_ripley,retail_financiero,indice_provisiones,vivienda,0.5201779097221226
2023-08-01,2023,8,banco_santander_chile,banca_tradicional,indice_provisiones,adeudado_bancos,0.18482177359685875
2023-08-01,2023,8,banco_santander_chile,banca_tradicional,indice_provisiones,comerciales,3.5322286078022165
2023-08-01,2023,8,banco_santander_chile,banca_tradicional,indice_provisiones,consumo,6.128093546715823
2023-08-01,2023,8,banco_santander_chile,banca_tradicional,indice_provisiones,personas_total,1.9992292445301676
2023-08-01,2023,8,banco_santander_chile,banca_tradicional,indice_provisiones,total_colocaciones,2.7023768018348715
2023-08-01,2023,8,banco_santander_chile,banca_tradicional,indice_provisiones,vivienda,0.844724058813465
2023-09-01,2023,9,banco_bci,banca_tradicional,indice_provisiones,adeudado_bancos,0.1666374547649956
2023-09-01,2023,9,banco_bci,banca_tradicional,indice_provisiones,comerciales,1.9054526286050188
2023-09-01,2023,9,banco_bci,banca_tradicional,indice_provisiones,consumo,8.647587317883607
2023-09-01,2023,9,banco_bci,banca_tradicional,indice_provisiones,personas_total,2.14402742901843
2023-09-01,2023,9,banco_bci,banca_tradicional,indice_provisiones,total_colocaciones,2.005511612570141
2023-09-01,2023,9,banco_bci,banca_tradicional,indice_provisiones,vivienda,0.4855189062566637
2023-09-01,2023,9,banco_de_chile,banca_tradicional,indice_provisiones,adeudado_bancos,0.15786420719312347
2023-09-01,2023,9,banco_de_chile,banca_tradicional,indice_provisiones,comerciales,1.8667666616218166
2023-09-01,2023,9,banco_de_chile,banca_tradicional,indice_provisiones,consumo,6.647337673814412
2023-09-01,2023,9,banco_de_chile,banca_tradicional,indice_provisiones,personas_total,2.170189414290713
2023-09-01,2023,9,banco_de_chile,banca_tradicional,indice_provisiones,total_colocaciones,2.00833111351397
2023-09-01,2023,9,banco_de_chile,banca_tradicional,indice_provisiones,vivienda,0.2568201807789697
2023-09-01,2023,9,banco_falabella,retail_financiero,indice_provisiones,adeudado_bancos,
2023-09-01,2023,9,banco_falabella,retail_financiero,indice_provisiones,comerciales,4.521410517395138
2023-09-01,2023,9,banco_falabella,retail_financiero,indice_provisiones,consumo,9.91118092630278
2023-09-01,2023,9,banco_falabella,retail_financiero,indice_provisiones,personas_total,5.829016290960871
2023-09-01,2023,9,banco_falabella,retail_financiero,indice_provisiones,total_colocaciones,5.761281159838168
2023-09-01,2023,9,banco_falabella,retail_financiero,indice_provisiones,vivienda,0.5056919944739063
2023-09-01,2023,9,banco_ripley,retail_financiero,indice_provisiones,adeudado_bancos,
2023-09-01,2023,9,banco_ripley,retail_financiero,indice_provisiones,comerciales,10.307601549659644
2023-09-01,2023,9,banco_ripley,retail_financiero,indice_provisiones,consumo,9.971589261181695
2023-09-01,2023,9,banco_ripley,retail_financiero,indice_provisiones,personas_total,8.340103035768983
2023-09-01,2023,9,banco_ripley,retail_financiero,indice_provisiones,total_colocaciones,8.344057290890992
2023-09-01,2023,9,banco_ripley,retail_financiero,indice_provisiones,vivienda,0.49209143468201333
2023-09-01,2023,9,banco_santander_chile,banca_tradicional,indice_provisiones,adeudado_bancos,0.03746383852048262
2023-09-01,2023,9,banco_santander_chile,banca_tradicional,indice_provisiones,comerciales,3.505107000475422
2023-09-01,2023,9,banco_santander_chile,banca_tradicional,indice_provisiones,consumo,6.179153209036816
2023-09-01,2023,9,banco_santander_chile,banca_tradicional,indice_provisiones,personas_total,2.028146451555044
2023-09-01,2023,9,banco_santander_chile,banca_tradicional,indice_provisiones,total_colocaciones,2.714829061822994
2023-09-01,2023,9,banco_santander_chile,banca_tradicional,indice_provisiones,vivienda,0.8764743791879623
2023-10-01,2023,10,banco_bci,banca_tradicional,indice_provisiones,adeudado_bancos,0.15984225129068802
2023-10-01,2023,10,banco_bci,banca_tradicional,indice_provisiones,comerciales,1.9293178572792162
2023-10-01,2023,10,banco_bci,banca_tradicional,indice_provisiones,consumo,8.433084436408475
2023-10-01,2023,10,banco_bci,banca_tradicional,indice_provisiones,personas_total,2.095475770198804
2023-10-01,2023,10,banco_bci,banca_tradicional,indice_provisiones,total_colocaciones,1.9988120625776606
2023-10-01,2023,10,banco_bci,banca_tradicional,indice_provisiones,vivienda,0.48952128568331005
2023-10-01,2023,10,banco_de_chile,banca_tradicional,indice_provisiones,adeudado_bancos,0.22270609403785466
2023-10-01,2023,10,banco_de_chile,banca_tradicional,indice_provisiones,comerciales,1.8324809268367583
2023-10-01,2023,10,banco_de_chile,banca_tradicional,indice_provisiones,consumo,6.656895513607437
2023-10-01,2023,10,banco_de_chile,banca_tradicional,indice_provisiones,personas_total,2.187268491041396
2023-10-01,2023,10,banco_de_chile,banca_tradicional,indice_provisiones,total_colocaciones,1.997334920584795
2023-10-01,2023,10,banco_de_chile,banca_tradicional,indice_provisiones,vivienda,0.26704033889172774
2023-10-01,2023,10,banco_falabella,retail_financiero,indice_provisiones,adeudado_bancos,
2023-10-01,2023,10,banco_falabella,retail_financiero,indice_provisiones,comerciales,4.387145007284485
2023-10-01,2023,10,banco_falabella,retail_financiero,indice_provisiones,consumo,9.79204126281869
2023-10-01,2023,10,banco_falabella,retail_financiero,indice_provisiones,personas_total,5.731305027909007
2023-10-01,2023,10,banco_falabella,retail_financiero,indice_provisiones,total_colocaciones,5.662624218621091
2023-10-01,2023,10,banco_falabella,retail_financiero,indice_provisiones,vivienda,0.5136860878159037
2023-10-01,2023,10,banco_ripley,retail_financiero,indice_provisiones,adeudado_bancos,
2023-10-01,2023,10,banco_ripley,retail_financiero,indice_provisiones,comerciales,10.425821601591778
2023-10-01,2023,10,banco_ripley,retail_financiero,indice_provisiones,consumo,11.29863167313559
2023-10-01,2023,10,banco_ripley,retail_financiero,indice_provisiones,personas_total,9.456317660003515
2023-10-01,2023,10,banco_ripley,retail_financiero,indice_provisiones,total_colocaciones,9.458206714726522
2023-10-01,2023,10,banco_ripley,retail_financiero,indice_provisiones,vivienda,0.5002421098391269
2023-10-01,2023,10,banco_santander_chile,banca_tradicional,indice_provisiones,adeudado_bancos,0.1336741587251341
2023-10-01,2023,10,banco_santander_chile,banca_tradicional,indice_provisiones,comerciales,3.534243166789064
2023-10-01,2023,10,banco_santander_chile,banca_tradicional,indice_provisiones,consumo,6.200081313707853
2023-10-01,2023,10,banco_santander_chile,banca_tradicional,indice_provisiones,personas_total,2.043172526046694
2023-10-01,2023,10,banco_santander_chile,banca_tradicional,indice_provisiones,total_colocaciones,2.7337218225880044
2023-10-01,2023,10,banco_santander_chile,banca_tradicional,indice_provisiones,vivienda,0.8818027101589543
2023-11-01,2023,11,banco_bci,banca_tradicional,indice_provisiones,adeudado_bancos,0.13486705552205525
2023-11-01,2023,11,banco_bci,banca_tradicional,indice_provisiones,comerciales,1.9094827311532128
2023-11-01,2023,11,banco_bci,banca_tradicional,indice_provisiones,consumo,8.592006585702414
2023-11-01,2023,11,banco_bci,banca_tradicional,indice_provisiones,personas_total,2.139518800138005
2023-11-01,2023,11,banco_bci,banca_tradicional,indice_provisiones,total_colocaciones,2.0064302944029495
2023-11-01,2023,11,banco_bci,banca_tradicional,indice_provisiones,vivienda,0.5022040081509774
2023-11-01,2023,11,banco_de_chile,banca_tradicional,indice_provisiones,adeudado_bancos,0.20470162807934597
2023-11-01,2023,11,banco_de_chile,banca_tradicional,indice_provisiones,comerciales,1.7726279127254145
2023-11-01,2023,11,banco_de_chile,banca_tradicional,indice_provisiones,consumo,6.714543918315311
2023-11-01,2023,11,banco_de_chile,banca_tradicional,indice_provisiones,personas_total,2.2223931619512456
2023-11-01,2023,11,banco_de_chile,banca_tradicional,indice_provisiones,total_colocaciones,1.9827188945187122
2023-11-01,2023,11,banco_de_chile,banca_tradicional,indice_provisiones,vivienda,0.2713888340555411
2023-11-01,2023,11,banco_falabella,retail_financiero,indice_provisiones,adeudado_bancos,
2023-11-01,2023,11,banco_falabella,retail_financiero,indice_provisiones,comerciales,4.518986257486208
2023-11-01,2023,11,banco_falabella,retail_financiero,indice_provisiones,consumo,10.452122870966793
2023-11-01,2023,11,banco_falabella,retail_financiero,indice_provisiones,personas_total,6.081181910247784
2023-11-01,2023,11,banco_falabella,retail_financiero,indice_provisiones,total_colocaciones,6.001290756466784
2023-11-01,2023,11,banco_falabella,retail_financiero,indice_provisiones,vivienda,0.5162756857788283
2023-11-01,2023,11,banco_ripley,retail_financiero,indice_provisiones,adeudado_bancos,
2023-11-01,2023,11,banco_ripley,retail_financiero,indice_provisiones,comerciales,10.429937835631888
2023-11-01,2023,11,banco_ripley,retail_financiero,indice_provisiones,consumo,11.24422116280373
2023-11-01,2023,11,banco_ripley,retail_financiero,indice_provisiones,personas_total,9.448102138517655
2023-11-01,2023,11,banco_ripley,retail_financiero,indice_provisiones,total_colocaciones,9.449898302052134
2023-11-01,2023,11,banco_ripley,retail_financiero,indice_provisiones,vivienda,0.5161252910765887
2023-11-01,2023,11,banco_santander_chile,banca_tradicional,indice_provisiones,adeudado_bancos,0.08721421040183697
2023-11-01,2023,11,banco_santander_chile,banca_tradicional,indice_provisiones,comerciales,3.5652316263644805
2023-11-01,2023,11,banco_santander_chile,banca_tradicional,indice_provisiones,consumo,6.227132890094781
2023-11-01,2023,11,banco_santander_chile,banca_tradicional,indice_provisiones,personas_total,2.0232031118415117
2023-11-01,2023,11,banco_santander_chile,banca_tradicional,indice_provisiones,total_colocaciones,2.731729339423708
2023-11-01,2023,11,banco_santander_chile,banca_tradicional,indice_provisiones,vivienda,0.8432523141291299
2023-12-01,2023,12,banco_bci,banca_tradicional,indice_provisiones,adeudado_bancos,0.13124411342691644
2023-12-01,2023,12,banco_bci,banca_tradicional,indice_provisiones,comerciales,1.8751512251913092
2023-12-01,2023,12,banco_bci,banca_tradicional,indice_provisiones,consumo,8.510948330273518
2023-12-01,2023,12,banco_bci,banca_tradicional,indice_provisiones,personas_total,2.1164083873151127
2023-12-01,2023,12,banco_bci,banca_tradicional,indice_provisiones,total_colocaciones,1.976830397411367
2023-12-01,2023,12,banco_bci,banca_tradicional,indice_provisiones,vivienda,0.5134025978343021
2023-12-01,2023,12,banco_de_chile,banca_tradicional,indice_provisiones,adeudado_bancos,0.17925702878098723
2023-12-01,2023,12,banco_de_chile,banca_tradicional,indice_provisiones,comerciales,1.786973936497024
2023-12-01,2023,12,banco_de_chile,banca_tradicional,indice_provisiones,consumo,6.949244965363534
2023-12-01,2023,12,banco_de_chile,banca_tradicional,indice_provisiones,personas_total,2.2871802211114467
2023-12-01,2023,12,banco_de_chile,banca_tradicional,indice_provisiones,total_colocaciones,2.0212927657673294
2023-12-01,2023,12,banco_de_chile,banca_tradicional,indice_provisiones,vivienda,0.27639928907137895
2023-12-01,2023,12,banco_falabella,retail_financiero,indice_provisiones,adeudado_bancos,
2023-12-01,2023,12,banco_falabella,retail_financiero,indice_provisiones,comerciales,4.719357232392075
2023-12-01,2023,12,banco_falabella,retail_financiero,indice_provisiones,consumo,10.715100202915059
2023-12-01,2023,12,banco_falabella,retail_financiero,indice_provisiones,personas_total,6.159747874224308
2023-12-01,2023,12,banco_falabella,retail_financiero,indice_provisiones,total_colocaciones,6.085332757254532
2023-12-01,2023,12,banco_falabella,retail_financiero,indice_provisiones,vivienda,0.5201959908214513
2023-12-01,2023,12,banco_ripley,retail_financiero,indice_provisiones,adeudado_bancos,
2023-12-01,2023,12,banco_ripley,retail_financiero,indice_provisiones,comerciales,10.9083584148287
2023-12-01,2023,12,banco_ripley,retail_financiero,indice_provisiones,consumo,11.393282398522746
2023-12-01,2023,12,banco_ripley,retail_financiero,indice_provisiones,personas_total,9.597017660480093
2023-12-01,2023,12,banco_ripley,retail_financiero,indice_provisiones,total_colocaciones,9.599270513756245
2023-12-01,2023,12,banco_ripley,retail_financiero,indice_provisiones,vivienda,0.5331118873213122
2023-12-01,2023,12,banco_santander_chile,banca_tradicional,indice_provisiones,adeudado_bancos,0.16611726573454735
2023-12-01,2023,12,banco_santander_chile,banca_tradicional,indice_provisiones,comerciales,3.5417272881010273
2023-12-01,2023,12,banco_santander_chile,banca_tradicional,indice_provisiones,consumo,6.306114771436144
2023-12-01,2023,12,banco_santander_chile,banca_tradicional,indice_provisiones,personas_total,2.0570705164888636
2023-12-01,2023,12,banco_santander_chile,banca_tradicional,indice_provisiones,total_colocaciones,2.738586056062862
2023-12-01,2023,12,banco_santander_chile,banca_tradicional,indice_provisiones,vivienda,0.869102835692179
2024-01-01,2024,1,banco_bci,banca_tradicional,indice_provisiones,adeudado_bancos,0.11336155123340289
2024-01-01,2024,1,banco_bci,banca_tradicional,indice_provisiones,comerciales,1.93510367315834
2024-01-01,2024,1,banco_bci,banca_tradicional,indice_provisiones,consumo,8.57957255276772
2024-01-01,2024,1,banco_bci,banca_tradicional,indice_provisiones,personas_total,2.150856939434147
2024-01-01,2024,1,banco_bci,banca_tradicional,indice_provisiones,total_colocaciones,2.0258401664481553
2024-01-01,2024,1,banco_bci,banca_tradicional,indice_provisiones,vivienda,0.5272816190735832
2024-01-01,2024,1,banco_de_chile,banca_tradicional,indice_provisiones,adeudado_bancos,0.19992114867730046
2024-01-01,2024,1,banco_de_chile,banca_tradicional,indice_provisiones,comerciales,1.8373374055568048
2024-01-01,2024,1,banco_de_chile,banca_tradicional,indice_provisiones,consumo,6.8799431394284145
2024-01-01,2024,1,banco_de_chile,banca_tradicional,indice_provisiones,personas_total,2.2660455242563717
2024-01-01,2024,1,banco_de_chile,banca_tradicional,indice_provisiones,total_colocaciones,2.0382093127125014
2024-01-01,2024,1,banco_de_chile,banca_tradicional,indice_provisiones,vivienda,0.26755070023500255
2024-01-01,2024,1,banco_falabella,retail_financiero,indice_provisiones,adeudado_bancos,
2024-01-01,2024,1,banco_falabella,retail_financiero,indice_provisiones,comerciales,4.8215292181955025
2024-01-01,2024,1,banco_falabella,retail_financiero,indice_provisiones,consumo,10.635947103232331
2024-01-01,2024,1,banco_falabella,retail_financiero,indice_provisiones,personas_total,6.0946244847596605
2024-01-01,2024,1,banco_falabella,retail_financiero,indice_provisiones,total_colocaciones,6.028510252110971
2024-01-01,2024,1,banco_falabella,retail_financiero,indice_provisiones,vivienda,0.523404892725218
2024-01-01,2024,1,banco_ripley,retail_financiero,indice_provisiones,adeudado_bancos,
2024-01-01,2024,1,banco_ripley,retail_financiero,indice_provisiones,comerciales,9.368529389090039
2024-01-01,2024,1,banco_ripley,retail_financiero,indice_provisiones,consumo,11.44794710355769
2024-01-01,2024,1,banco_ripley,retail_financiero,indice_provisiones,personas_total,9.656819267626823
2024-01-01,2024,1,banco_ripley,retail_financiero,indice_provisiones,total_colocaciones,9.656352579662222
2024-01-01,2024,1,banco_ripley,retail_financiero,indice_provisiones,vivienda,0.537330513618436
2024-01-01,2024,1,banco_santander_chile,banca_tradicional,indice_provisiones,adeudado_bancos,0.21875000759684843
2024-01-01,2024,1,banco_santander_chile,banca_tradicional,indice_provisiones,comerciales,3.5712105695553413
2024-01-01,2024,1,banco_santander_chile,banca_tradicional,indice_provisiones,consumo,6.306663964705099
2024-01-01,2024,1,banco_santander_chile,banca_tradicional,indice_provisiones,personas_total,2.0781065634007065
2024-01-01,2024,1,banco_santander_chile,banca_tradicional,indice_provisiones,total_colocaciones,2.766207187727634
2024-01-01,2024,1,banco_santander_chile,banca_tradicional,indice_provisiones,vivienda,0.8968588391171105
2024-02-01,2024,2,banco_bci,banca_tradicional,indice_provisiones,adeudado_bancos,0.10802184742094319
2024-02-01,2024,2,banco_bci,banca_tradicional,indice_provisiones,comerciales,1.9368224736404343
2024-02-01,2024,2,banco_bci,banca_tradicional,indice_provisiones,consumo,8.576396443171683
2024-02-01,2024,2,banco_bci,banca_tradicional,indice_provisiones,personas_total,2.1452675110664137
2024-02-01,2024,2,banco_bci,banca_tradicional,indice_provisiones,total_colocaciones,2.023698383133958
2024-02-01,2024,2,banco_bci,banca_tradicional,indice_provisiones,vivienda,0.5355178724387996
2024-02-01,2024,2,banco_de_chile,banca_tradicional,indice_provisiones,adeudado_bancos,0.1962994597866098
2024-02-01,2024,2,banco_de_chile,banca_tradicional,indice_provisiones,comerciales,1.8568578283962307
2024-02-01,2024,2,banco_de_chile,banca_tradicional,indice_provisiones,consumo,6.957974249118264
2024-02-01,2024,2,banco_de_chile,banca_tradicional,indice_provisiones,personas_total,2.2695788121380764
2024-02-01,2024,2,banco_de_chile,banca_tradicional,indice_provisiones,total_colocaciones,2.0486704890850653
2024-02-01,2024,2,banco_de_chile,banca_tradicional,indice_provisiones,vivienda,0.27556064108754713
2024-02-01,2024,2,banco_falabella,retail_financiero,indice_provisiones,adeudado_bancos,
2024-02-01,2024,2,banco_falabella,retail_financiero,indice_provisiones,comerciales,4.760932753252047
2024-02-01,2024,2,banco_falabella,retail_financiero,indice_provisiones,consumo,10.513135194217586
2024-02-01,2024,2,banco_falabella,retail_financiero,indice_provisiones,personas_total,5.993846779350136
2024-02-01,2024,2,banco_falabella,retail_financiero,indice_provisiones,total_colocaciones,5.929993899943165
2024-02-01,2024,2,banco_falabella,retail_financiero,indice_provisiones,vivienda,0.5341108718543516
2024-02-01,2024,2,banco_ripley,retail_financiero,indice_provisiones,adeudado_bancos,
2024-02-01,2024,2,banco_ripley,retail_financiero,indice_provisiones,comerciales,9.054278190338511
2024-02-01,2024,2,banco_ripley,retail_financiero,indice_provisiones,consumo,11.644564531644834
2024-02-01,2024,2,banco_ripley,retail_financiero,indice_provisiones,personas_total,9.805492419141974
2024-02-01,2024,2,banco_ripley,retail_financiero,indice_provisiones,total_colocaciones,9.804311885209895
2024-02-01,2024,2,banco_ripley,retail_financiero,indice_provisiones,vivienda,0.5463834571903756
2024-02-01,2024,2,banco_santander_chile,banca_tradicional,indice_provisiones,adeudado_bancos,0.21875012996717758
2024-02-01,2024,2,banco_santander_chile,banca_tradicional,indice_provisiones,comerciales,3.595615129543258
2024-02-01,2024,2,banco_santander_chile,banca_tradicional,indice_provisiones,consumo,6.295995698549564
2024-02-01,2024,2,banco_santander_chile,banca_tradicional,indice_provisiones,personas_total,2.1046602816015305
2024-02-01,2024,2,banco_santander_chile,banca_tradicional,indice_provisiones,total_colocaciones,2.7923869490440296
2024-02-01,2024,2,banco_santander_chile,banca_tradicional,indice_provisiones,vivienda,0.9471367335987771
2024-03-01,2024,3,banco_bci,banca_tradicional,indice_provisiones,adeudado_bancos,0.10172273743215893
2024-03-01,2024,3,banco_bci,banca_tradicional,indice_provisiones,comerciales,1.973788381255163
2024-03-01,2024,3,banco_bci,banca_tradicional,indice_provisiones,consumo,8.546263683480898
2024-03-01,2024,3,banco_bci,banca_tradicional,indice_provisiones,personas_total,2.135353463342344
2024-03-01,2024,3,banco_bci,banca_tradicional,indice_provisiones,total_colocaciones,2.0411696551789404
2024-03-01,2024,3,banco_bci,banca_tradicional,indice_provisiones,vivienda,0.5466217544781993
2024-03-01,2024,3,banco_de_chile,banca_tradicional,indice_provisiones,adeudado_bancos,0.20042752780717335
2024-03-01,2024,3,banco_de_chile,banca_tradicional,indice_provisiones,comerciales,1.8653405592899783
2024-03-01,2024,3,banco_de_chile,banca_tradicional,indice_provisiones,consumo,6.8637664001967735
2024-03-01,2024,3,banco_de_chile,banca_tradicional,indice_provisiones,personas_total,2.253576934113214
2024-03-01,2024,3,banco_de_chile,banca_tradicional,indice_provisiones,total_colocaciones,2.0470776504222266
2024-03-01,2024,3,banco_de_chile,banca_tradicional,indice_provisiones,vivienda,0.2819709564782326
2024-03-01,2024,3,banco_falabella,retail_financiero,indice_provisiones,adeudado_bancos,
2024-03-01,2024,3,banco_falabella,retail_financiero,indice_provisiones,comerciales,4.753835579540267
2024-03-01,2024,3,banco_falabella,retail_financiero,indice_provisiones,consumo,10.235860264071652
2024-03-01,2024,3,banco_falabella,retail_financiero,indice_provisiones,personas_total,5.791698821166932
2024-03-01,2024,3,banco_falabella,retail_financiero,indice_provisiones,total_colocaciones,5.737335355847796
2024-03-01,2024,3,banco_falabella,retail_financiero,indice_provisiones,vivienda,0.5352631761947797
2024-03-01,2024,3,banco_ripley,retail_financiero,indice_provisiones,adeudado_bancos,
2024-03-01,2024,3,banco_ripley,retail_financiero,indice_provisiones,comerciales,9.190526931576024
2024-03-01,2024,3,banco_ripley,retail_financiero,indice_provisiones,consumo,11.669760109384764
2024-03-01,2024,3,banco_ripley,retail_financiero,indice_provisiones,personas_total,9.80778386071068
2024-03-01,2024,3,banco_ripley,retail_financiero,indice_provisiones,total_colocaciones,9.806823659314386
2024-03-01,2024,3,banco_ripley,retail_financiero,indice_provisiones,vivienda,0.569447643845543
2024-03-01,2024,3,banco_santander_chile,banca_tradicional,indice_provisiones,adeudado_bancos,0.21874997312631492
2024-03-01,2024,3,banco_santander_chile,banca_tradicional,indice_provisiones,comerciales,3.571859165600142
2024-03-01,2024,3,banco_santander_chile,banca_tradicional,indice_provisiones,consumo,6.2642026535361355
2024-03-01,2024,3,banco_santander_chile,banca_tradicional,indice_provisiones,personas_total,2.1296665369838137
2024-03-01,2024,3,banco_santander_chile,banca_tradicional,indice_provisiones,total_colocaciones,2.793118415272491
2024-03-01,2024,3,banco_santander_chile,banca_tradicional,indice_provisiones,vivienda,0.9828121169697255
2024-04-01,2024,4,banco_bci,banca_tradicional,indice_provisiones,adeudado_bancos,0.10015002565755748
2024-04-01,2024,4,banco_bci,banca_tradicional,indice_provisiones,comerciales,2.0398830722314205
2024-04-01,2024,4,banco_bci,banca_tradicional,indice_provisiones,consumo,8.292593201019221
2024-04-01,2024,4,banco_bci,banca_tradicional,indice_provisiones,personas_total,2.085491211865911
2024-04-01,2024,4,banco_bci,banca_tradicional,indice_provisiones,total_colocaciones,2.0591034554505687
2024-04-01,2024,4,banco_bci,banca_tradicional,indice_provisiones,vivienda,0.5553347729641196
2024-04-01,2024,4,banco_de_chile,banca_tradicional,indice_provisiones,adeudado_bancos,0.14400603094496026
2024-04-01,2024,4,banco_de_chile,banca_tradicional,indice_provisiones,comerciales,1.8828303360153276
2024-04-01,2024,4,banco_de_chile,banca_tradicional,indice_provisiones,consumo,6.7761943007134535
2024-04-01,2024,4,banco_de_chile,banca_tradicional,indice_provisiones,personas_total,2.227622753928426
2024-04-01,2024,4,banco_de_chile,banca_tradicional,indice_provisiones,total_colocaciones,2.045337144690498
2024-04-01,2024,4,banco_de_chile,banca_tradicional,indice_provisiones,vivienda,0.28069903001321894
2024-04-01,2024,4,banco_falabella,retail_financiero,indice_provisiones,adeudado_bancos,
2024-04-01,2024,4,banco_falabella,retail_financiero,indice_provisiones,comerciales,4.756325936002359
2024-04-01,2024,4,banco_falabella,retail_financiero,indice_provisiones,consumo,10.106312831351442
2024-04-01,2024,4,banco_falabella,retail_financiero,indice_provisiones,personas_total,5.652018844711432
2024-04-01,2024,4,banco_falabella,retail_financiero,indice_provisiones,total_colocaciones,5.604693310371179
2024-04-01,2024,4,banco_falabella,retail_financiero,indice_provisiones,vivienda,0.5124957326034917
2024-04-01,2024,4,banco_ripley,retail_financiero,indice_provisiones,adeudado_bancos,
2024-04-01,2024,4,banco_ripley,retail_financiero,indice_provisiones,comerciales,8.81064049033313
2024-04-01,2024,4,banco_ripley,retail_financiero,indice_provisiones,consumo,11.627294295942773
2024-04-01,2024,4,banco_ripley,retail_financiero,indice_provisiones,personas_total,9.766212830068255
2024-04-01,2024,4,banco_ripley,retail_financiero,indice_provisiones,total_colocaciones,9.76477984971718
2024-04-01,2024,4,banco_ripley,retail_financiero,indice_provisiones,vivienda,0.5964811890210739
2024-04-01,2024,4,banco_santander_chile,banca_tradicional,indice_provisiones,adeudado_bancos,0.2187500337037413
2024-04-01,2024,4,banco_santander_chile,banca_tradicional,indice_provisiones,comerciales,3.5921886514158814
2024-04-01,2024,4,banco_santander_chile,banca_tradicional,indice_provisiones,consumo,6.165968984949426
2024-04-01,2024,4,banco_santander_chile,banca_tradicional,indice_provisiones,personas_total,2.108101996192758
2024-04-01,2024,4,banco_santander_chile,banca_tradicional,indice_provisiones,total_colocaciones,2.786333071980421
2024-04-01,2024,4,banco_santander_chile,banca_tradicional,indice_provisiones,vivienda,0.979964371466586
2024-05-01,2024,5,banco_bci,banca_tradicional,indice_provisiones,adeudado_bancos,0.09928125368891749
2024-05-01,2024,5,banco_bci,banca_tradicional,indice_provisiones,comerciales,2.011016452879797
2024-05-01,2024,5,banco_bci,banca_tradicional,indice_provisiones,consumo,7.7487241197707615
2024-05-01,2024,5,banco_bci,banca_tradicional,indice_provisiones,personas_total,1.9607067019819548
2024-05-01,2024,5,banco_bci,banca_tradicional,indice_provisiones,total_colocaciones,1.9897426350495753
2024-05-01,2024,5,banco_bci,banca_tradicional,indice_provisiones,vivienda,0.5595587045535642
2024-05-01,2024,5,banco_de_chile,banca_tradicional,indice_provisiones,adeudado_bancos,0.196299994952314
2024-05-01,2024,5,banco_de_chile,banca_tradicional,indice_provisiones,comerciales,1.9041271940391786
2024-05-01,2024,5,banco_de_chile,banca_tradicional,indice_provisiones,consumo,6.8546834100551814
2024-05-01,2024,5,banco_de_chile,banca_tradicional,indice_provisiones,personas_total,2.2376297317497946
2024-05-01,2024,5,banco_de_chile,banca_tradicional,indice_provisiones,total_colocaciones,2.062903833603298
2024-05-01,2024,5,banco_de_chile,banca_tradicional,indice_provisiones,vivienda,0.28139029668032767
2024-05-01,2024,5,banco_falabella,retail_financiero,indice_provisiones,adeudado_bancos,
2024-05-01,2024,5,banco_falabella,retail_financiero,indice_provisiones,comerciales,4.7708098810927435
2024-05-01,2024,5,banco_falabella,retail_financiero,indice_provisiones,consumo,9.958291276962001
2024-05-01,2024,5,banco_falabella,retail_financiero,indice_provisiones,personas_total,5.502640005267236
2024-05-01,2024,5,banco_falabella,retail_financiero,indice_provisiones,total_colocaciones,5.463804335931695
2024-05-01,2024,5,banco_falabella,retail_financiero,indice_provisiones,vivienda,0.5078120496123364
2024-05-01,2024,5,banco_ripley,retail_financiero,indice_provisiones,adeudado_bancos,
2024-05-01,2024,5,banco_ripley,retail_financiero,indice_provisiones,comerciales,6.939401626203627
2024-05-01,2024,5,banco_ripley,retail_financiero,indice_provisiones,consumo,11.37606247021987
2024-05-01,2024,5,banco_ripley,retail_financiero,indice_provisiones,personas_total,9.546692152183958
2024-05-01,2024,5,banco_ripley,retail_financiero,indice_provisiones,total_colocaciones,9.542965324148692
2024-05-01,2024,5,banco_ripley,retail_financiero,indice_provisiones,vivienda,0.5823970524281826
2024-05-01,2024,5,banco_santander_chile,banca_tradicional,indice_provisiones,adeudado_bancos,0.2187356942783669
2024-05-01,2024,5,banco_santander_chile,banca_tradicional,indice_provisiones,comerciales,3.597059612559873
2024-05-01,2024,5,banco_santander_chile,banca_tradicional,indice_provisiones,consumo,6.094824734250218
2024-05-01,2024,5,banco_santander_chile,banca_tradicional,indice_provisiones,personas_total,2.1058613100371835
2024-05-01,2024,5,banco_santander_chile,banca_tradicional,indice_provisiones,total_colocaciones,2.781280261872834
2024-05-01,2024,5,banco_santander_chile,banca_tradicional,indice_provisiones,vivienda,1.0088965102800642
2024-06-01,2024,6,banco_bci,banca_tradicional,indice_provisiones,adeudado_bancos,0.09578923715141145
2024-06-01,2024,6,banco_bci,banca_tradicional,indice_provisiones,comerciales,2.002481096117369
2024-06-01,2024,6,banco_bci,banca_tradicional,indice_provisiones,consumo,8.002506762339836
2024-06-01,2024,6,banco_bci,banca_tradicional,indice_provisiones,personas_total,2.013456995416848
2024-06-01,2024,6,banco_bci,banca_tradicional,indice_provisiones,total_colocaciones,2.007129430356342
2024-06-01,2024,6,banco_bci,banca_tradicional,indice_provisiones,vivienda,0.5698497310637942
2024-06-01,2024,6,banco_de_chile,banca_tradicional,indice_provisiones,adeudado_bancos,0.12783348243549153
2024-06-01,2024,6,banco_de_chile,banca_tradicional,indice_provisiones,comerciales,1.9106556171302655
2024-06-01,2024,6,banco_de_chile,banca_tradicional,indice_provisiones,consumo,6.865188451735666
2024-06-01,2024,6,banco_de_chile,banca_tradicional,indice_provisiones,personas_total,2.2297174430123103
2024-06-01,2024,6,banco_de_chile,banca_tradicional,indice_provisiones,total_colocaciones,2.0623347312274865
2024-06-01,2024,6,banco_de_chile,banca_tradicional,indice_provisiones,vivienda,0.28265320556047324
2024-06-01,2024,6,banco_falabella,retail_financiero,indice_provisiones,adeudado_bancos,
2024-06-01,2024,6,banco_falabella,retail_financiero,indice_provisiones,comerciales,4.757235006232327
2024-06-01,2024,6,banco_falabella,retail_financiero,indice_provisiones,consumo,9.788318533472209
2024-06-01,2024,6,banco_falabella,retail_financiero,indice_provisiones,personas_total,5.375933803040042
2024-06-01,2024,6,banco_falabella,retail_financiero,indice_provisiones,total_colocaciones,5.343148059796856
2024-06-01,2024,6,banco_falabella,retail_financiero,indice_provisiones,vivienda,0.5186824059274292
2024-06-01,2024,6,banco_ripley,retail_financiero,indice_provisiones,adeudado_bancos,
2024-06-01,2024,6,banco_ripley,retail_financiero,indice_provisiones,comerciales,6.114769600297182
2024-06-01,2024,6,banco_ripley,retail_financiero,indice_provisiones,consumo,11.19651137898045
2024-06-01,2024,6,banco_ripley,retail_financiero,indice_provisiones,personas_total,9.410228505940559
2024-06-01,2024,6,banco_ripley,retail_financiero,indice_provisiones,total_colocaciones,9.40598155545502
2024-06-01,2024,6,banco_ripley,retail_financiero,indice_provisiones,vivienda,0.5826544496522408
2024-06-01,2024,6,banco_santander_chile,banca_tradicional,indice_provisiones,adeudado_bancos,0.2187499580468587
2024-06-01,2024,6,banco_santander_chile,banca_tradicional,indice_provisiones,comerciales,3.724419886911381
2024-06-01,2024,6,banco_santander_chile,banca_tradicional,indice_provisiones,consumo,6.0900234524479
2024-06-01,2024,6,banco_santander_chile,banca_tradicional,indice_provisiones,personas_total,2.110712754136955
2024-06-01,2024,6,banco_santander_chile,banca_tradicional,indice_provisiones,total_colocaciones,2.8326103675969194
2024-06-01,2024,6,banco_santander_chile,banca_tradicional,indice_provisiones,vivienda,1.0207420047798466
2024-07-01,2024,7,banco_bci,banca_tradicional,indice_provisiones,adeudado_bancos,0.09922578248798002
2024-07-01,2024,7,banco_bci,banca_tradicional,indice_provisiones,comerciales,2.035314318457754
2024-07-01,2024,7,banco_bci,banca_tradicional,indice_provisiones,consumo,7.698420441836563
2024-07-01,2024,7,banco_bci,banca_tradicional,indice_provisiones,personas_total,1.954637269536932
2024-07-01,2024,7,banco_bci,banca_tradicional,indice_provisiones,total_colocaciones,2.0006927918428863
2024-07-01,2024,7,banco_bci,banca_tradicional,indice_provisiones,vivienda,0.5779898668516421
2024-07-01,2024,7,banco_de_chile,banca_tradicional,indice_provisiones,adeudado_bancos,0.13952915194392748
2024-07-01,2024,7,banco_de_chile,banca_tradicional,indice_provisiones,comerciales,1.8857529614168378
2024-07-01,2024,7,banco_de_chile,banca_tradicional,indice_provisiones,consumo,6.829245612565929
2024-07-01,2024,7,banco_de_chile,banca_tradicional,indice_provisiones,personas_total,2.2131895114838724
2024-07-01,2024,7,banco_de_chile,banca_tradicional,indice_provisiones,total_colocaciones,2.0409397490297527
2024-07-01,2024,7,banco_de_chile,banca_tradicional,indice_provisiones,vivienda,0.27948359772638653
2024-07-01,2024,7,banco_falabella,retail_financiero,indice_provisiones,adeudado_bancos,
2024-07-01,2024,7,banco_falabella,retail_financiero,indice_provisiones,comerciales,4.728509575627821
2024-07-01,2024,7,banco_falabella,retail_financiero,indice_provisiones,consumo,9.560738083015142
2024-07-01,2024,7,banco_falabella,retail_financiero,indice_provisiones,personas_total,5.230071017090769
2024-07-01,2024,7,banco_falabella,retail_financiero,indice_provisiones,total_colocaciones,5.203838943768099
2024-07-01,2024,7,banco_falabella,retail_financiero,indice_provisiones,vivienda,0.5144570197210693
2024-07-01,2024,7,banco_ripley,retail_financiero,indice_provisiones,adeudado_bancos,
2024-07-01,2024,7,banco_ripley,retail_financiero,indice_provisiones,comerciales,5.114601548621417
2024-07-01,2024,7,banco_ripley,retail_financiero,indice_provisiones,consumo,10.72354405814464
2024-07-01,2024,7,banco_ripley,retail_financiero,indice_provisiones,personas_total,9.042619273823473
2024-07-01,2024,7,banco_ripley,retail_financiero,indice_provisiones,total_colocaciones,9.037770607375704
2024-07-01,2024,7,banco_ripley,retail_financiero,indice_provisiones,vivienda,0.5473030584926714
2024-07-01,2024,7,banco_santander_chile,banca_tradicional,indice_provisiones,adeudado_bancos,0.21874999960250158
2024-07-01,2024,7,banco_santander_chile,banca_tradicional,indice_provisiones,comerciales,3.820728120945561
2024-07-01,2024,7,banco_santander_chile,banca_tradicional,indice_provisiones,consumo,6.550744486336961
2024-07-01,2024,7,banco_santander_chile,banca_tradicional,indice_provisiones,personas_total,2.096974776008588
2024-07-01,2024,7,banco_santander_chile,banca_tradicional,indice_provisiones,total_colocaciones,2.8691961405081337
2024-07-01,2024,7,banco_santander_chile,banca_tradicional,indice_provisiones,vivienda,0.872068372393791
2024-08-01,2024,8,banco_bci,banca_tradicional,indice_provisiones,adeudado_bancos,0.09383923326930625
2024-08-01,2024,8,banco_bci,banca_tradicional,indice_provisiones,comerciales,2.001170520260628
2024-08-01,2024,8,banco_bci,banca_tradicional,indice_provisiones,consumo,7.405968342077681
2024-08-01,2024,8,banco_bci,banca_tradicional,indice_provisiones,personas_total,1.8878944701488674
2024-08-01,2024,8,banco_bci,banca_tradicional,indice_provisiones,total_colocaciones,1.9525066626605778
2024-08-01,2024,8,banco_bci,banca_tradicional,indice_provisiones,vivienda,0.5853117450965856
2024-08-01,2024,8,banco_de_chile,banca_tradicional,indice_provisiones,adeudado_bancos,0.12702597533816648
2024-08-01,2024,8,banco_de_chile,banca_tradicional,indice_provisiones,comerciales,1.89191413727858
2024-08-01,2024,8,banco_de_chile,banca_tradicional,indice_provisiones,consumo,6.827927157229387
2024-08-01,2024,8,banco_de_chile,banca_tradicional,indice_provisiones,personas_total,2.220894423455041
2024-08-01,2024,8,banco_de_chile,banca_tradicional,indice_provisiones,total_colocaciones,2.0490408357936483
2024-08-01,2024,8,banco_de_chile,banca_tradicional,indice_provisiones,vivienda,0.2896157084307537
2024-08-01,2024,8,banco_falabella,retail_financiero,indice_provisiones,adeudado_bancos,
2024-08-01,2024,8,banco_falabella,retail_financiero,indice_provisiones,comerciales,4.65118783335451
2024-08-01,2024,8,banco_falabella,retail_financiero,indice_provisiones,consumo,9.093570060361362
2024-08-01,2024,8,banco_falabella,retail_financiero,indice_provisiones,personas_total,5.010869761281776
2024-08-01,2024,8,banco_falabella,retail_financiero,indice_provisiones,total_colocaciones,4.992247848497512
2024-08-01,2024,8,banco_falabella,retail_financiero,indice_provisiones,vivienda,0.5157183828373119
2024-08-01,2024,8,banco_ripley,retail_financiero,indice_provisiones,adeudado_bancos,
2024-08-01,2024,8,banco_ripley,retail_financiero,indice_provisiones,comerciales,4.671257508056149
2024-08-01,2024,8,banco_ripley,retail_financiero,indice_provisiones,consumo,10.476256108403732
2024-08-01,2024,8,banco_ripley,retail_financiero,indice_provisiones,personas_total,8.848777046180405
2024-08-01,2024,8,banco_ripley,retail_financiero,indice_provisiones,total_colocaciones,8.84375283829089
2024-08-01,2024,8,banco_ripley,retail_financiero,indice_provisiones,vivienda,0.5237076310905584
2024-08-01,2024,8,banco_santander_chile,banca_tradicional,indice_provisiones,adeudado_bancos,0.1983507486484337
2024-08-01,2024,8,banco_santander_chile,banca_tradicional,indice_provisiones,comerciales,3.8782349026156813
2024-08-01,2024,8,banco_santander_chile,banca_tradicional,indice_provisiones,consumo,6.494576027288114
2024-08-01,2024,8,banco_santander_chile,banca_tradicional,indice_provisiones,personas_total,2.086048481205698
2024-08-01,2024,8,banco_santander_chile,banca_tradicional,indice_provisiones,total_colocaciones,2.8769149235090943
2024-08-01,2024,8,banco_santander_chile,banca_tradicional,indice_provisiones,vivienda,0.8789893692629662
2024-09-01,2024,9,banco_bci,banca_tradicional,indice_provisiones,adeudado_bancos,0.09456251887304241
2024-09-01,2024,9,banco_bci,banca_tradicional,indice_provisiones,comerciales,2.0033241482899684
2024-09-01,2024,9,banco_bci,banca_tradicional,indice_provisiones,consumo,7.474617379138447
2024-09-01,2024,9,banco_bci,banca_tradicional,indice_provisiones,personas_total,1.9018026343344323
2024-09-01,2024,9,banco_bci,banca_tradicional,indice_provisiones,total_colocaciones,1.9592377221109396
2024-09-01,2024,9,banco_bci,banca_tradicional,indice_provisiones,vivienda,0.5962394291411564
2024-09-01,2024,9,banco_de_chile,banca_tradicional,indice_provisiones,adeudado_bancos,0.18351197598281213
2024-09-01,2024,9,banco_de_chile,banca_tradicional,indice_provisiones,comerciales,1.883150009039299
2024-09-01,2024,9,banco_de_chile,banca_tradicional,indice_provisiones,consumo,6.847217186468652
2024-09-01,2024,9,banco_de_chile,banca_tradicional,indice_provisiones,personas_total,2.2098515591053474
2024-09-01,2024,9,banco_de_chile,banca_tradicional,indice_provisiones,total_colocaciones,2.0391377574903546
2024-09-01,2024,9,banco_de_chile,banca_tradicional,indice_provisiones,vivienda,0.2892176752489332
2024-09-01,2024,9,banco_falabella,retail_financiero,indice_provisiones,adeudado_bancos,
2024-09-01,2024,9,banco_falabella,retail_financiero,indice_provisiones,comerciales,4.510775885981188
2024-09-01,2024,9,banco_falabella,retail_financiero,indice_provisiones,consumo,8.821126950436412
2024-09-01,2024,9,banco_falabella,retail_financiero,indice_provisiones,personas_total,4.873854810071389
2024-09-01,2024,9,banco_falabella,retail_financiero,indice_provisiones,total_colocaciones,4.854917411227748
2024-09-01,2024,9,banco_falabella,retail_financiero,indice_provisiones,vivienda,0.5229010685343424
2024-09-01,2024,9,banco_ripley,retail_financiero,indice_provisiones,adeudado_bancos,
2024-09-01,2024,9,banco_ripley,retail_financiero,indice_provisiones,comerciales,4.492622157085004
2024-09-01,2024,9,banco_ripley,retail_financiero,indice_provisiones,consumo,10.092010063621473
2024-09-01,2024,9,banco_ripley,retail_financiero,indice_provisiones,personas_total,8.551275370188211
2024-09-01,2024,9,banco_ripley,retail_financiero,indice_provisiones,total_colocaciones,8.546542315191802
2024-09-01,2024,9,banco_ripley,retail_financiero,indice_provisiones,vivienda,0.5179329742385373
2024-09-01,2024,9,banco_santander_chile,banca_tradicional,indice_provisiones,adeudado_bancos,0.14926861455386797
2024-09-01,2024,9,banco_santander_chile,banca_tradicional,indice_provisiones,comerciales,3.8625617888672763
2024-09-01,2024,9,banco_santander_chile,banca_tradicional,indice_provisiones,consumo,6.519864486741205
2024-09-01,2024,9,banco_santander_chile,banca_tradicional,indice_provisiones,personas_total,2.0926227512826268
2024-09-01,2024,9,banco_santander_chile,banca_tradicional,indice_provisiones,total_colocaciones,2.8745288267331337
2024-09-01,2024,9,banco_santander_chile,banca_tradicional,indice_provisiones,vivienda,0.8872526559243069
2024-10-01,2024,10,banco_bci,banca_tradicional,indice_provisiones,adeudado_bancos,0.07366043014515448
2024-10-01,2024,10,banco_bci,banca_tradicional,indice_provisiones,comerciales,2.0456339226450337
2024-10-01,2024,10,banco_bci,banca_tradicional,indice_provisiones,consumo,7.076531125344995
2024-10-01,2024,10,banco_bci,banca_tradicional,indice_provisiones,personas_total,1.936555457782506
2024-10-01,2024,10,banco_bci,banca_tradicional,indice_provisiones,total_colocaciones,1.9986773787960666
2024-10-01,2024,10,banco_bci,banca_tradicional,indice_provisiones,vivienda,0.7322446001760876
2024-10-01,2024,10,banco_de_chile,banca_tradicional,indice_provisiones,adeudado_bancos,0.1376114704833822
2024-10-01,2024,10,banco_de_chile,banca_tradicional,indice_provisiones,comerciales,1.928762906818405
2024-10-01,2024,10,banco_de_chile,banca_tradicional,indice_provisiones,consumo,6.757621304897056
2024-10-01,2024,10,banco_de_chile,banca_tradicional,indice_provisiones,personas_total,2.1853447291124253
2024-10-01,2024,10,banco_de_chile,banca_tradicional,indice_provisiones,total_colocaciones,2.052040430883858
2024-10-01,2024,10,banco_de_chile,banca_tradicional,indice_provisiones,vivienda,0.2853629513892463
2024-10-01,2024,10,banco_falabella,retail_financiero,indice_provisiones,adeudado_bancos,
2024-10-01,2024,10,banco_falabella,retail_financiero,indice_provisiones,comerciales,4.483386738580706
2024-10-01,2024,10,banco_falabella,retail_financiero,indice_provisiones,consumo,8.460247545996088
2024-10-01,2024,10,banco_falabella,retail_financiero,indice_provisiones,personas_total,4.7434885277628664
2024-10-01,2024,10,banco_falabella,retail_financiero,indice_provisiones,total_colocaciones,4.7304053217240805
2024-10-01,2024,10,banco_falabella,retail_financiero,indice_provisiones,vivienda,0.5307319577514786
2024-10-01,2024,10,banco_ripley,retail_financiero,indice_provisiones,adeudado_bancos,
2024-10-01,2024,10,banco_ripley,retail_financiero,indice_provisiones,comerciales,3.5284077027536545
2024-10-01,2024,10,banco_ripley,retail_financiero,indice_provisiones,consumo,9.707787982556747
2024-10-01,2024,10,banco_ripley,retail_financiero,indice_provisiones,personas_total,8.268275466198162
2024-10-01,2024,10,banco_ripley,retail_financiero,indice_provisiones,total_colocaciones,8.263070142857277
2024-10-01,2024,10,banco_ripley,retail_financiero,indice_provisiones,vivienda,0.5050550025296923
2024-10-01,2024,10,banco_santander_chile,banca_tradicional,indice_provisiones,adeudado_bancos,0.1281182189010168
2024-10-01,2024,10,banco_santander_chile,banca_tradicional,indice_provisiones,comerciales,3.83044758068201
2024-10-01,2024,10,banco_santander_chile,banca_tradicional,indice_provisiones,consumo,6.399993623830634
2024-10-01,2024,10,banco_santander_chile,banca_tradicional,indice_provisiones,personas_total,2.0869214770559448
2024-10-01,2024,10,banco_santander_chile,banca_tradicional,indice_provisiones,total_colocaciones,2.864251350825341
2024-10-01,2024,10,banco_santander_chile,banca_tradicional,indice_provisiones,vivienda,0.8990476314260417
2024-11-01,2024,11,banco_bci,banca_tradicional,indice_provisiones,adeudado_bancos,0.09407036286711894
2024-11-01,2024,11,banco_bci,banca_tradicional,indice_provisiones,comerciales,2.0471854326456715
2024-11-01,2024,11,banco_bci,banca_tradicional,indice_provisiones,consumo,7.320231844034629
2024-11-01,2024,11,banco_bci,banca_tradicional,indice_provisiones,personas_total,2.002071421681415
2024-11-01,2024,11,banco_bci,banca_tradicional,indice_provisiones,total_colocaciones,2.0278478200337053
2024-11-01,2024,11,banco_bci,banca_tradicional,indice_provisiones,vivienda,0.7496181035678322
2024-11-01,2024,11,banco_de_chile,banca_tradicional,indice_provisiones,adeudado_bancos,0.12589872613401562
2024-11-01,2024,11,banco_de_chile,banca_tradicional,indice_provisiones,comerciales,1.9454720846030549
2024-11-01,2024,11,banco_de_chile,banca_tradicional,indice_provisiones,consumo,6.7502578286703345
2024-11-01,2024,11,banco_de_chile,banca_tradicional,indice_provisiones,personas_total,2.1923072485709842
2024-11-01,2024,11,banco_de_chile,banca_tradicional,indice_provisiones,total_colocaciones,2.0647641089181246
2024-11-01,2024,11,banco_de_chile,banca_tradicional,indice_provisiones,vivienda,0.29583959779797286
2024-11-01,2024,11,banco_falabella,retail_financiero,indice_provisiones,adeudado_bancos,
2024-11-01,2024,11,banco_falabella,retail_financiero,indice_provisiones,comerciales,4.497455349496265
2024-11-01,2024,11,banco_falabella,retail_financiero,indice_provisiones,consumo,8.44641630522123
2024-11-01,2024,11,banco_falabella,retail_financiero,indice_provisiones,personas_total,4.762782164543
2024-11-01,2024,11,banco_falabella,retail_financiero,indice_provisiones,total_colocaciones,4.749621023579095
2024-11-01,2024,11,banco_falabella,retail_financiero,indice_provisiones,vivienda,0.5239650713247705
2024-11-01,2024,11,banco_ripley,retail_financiero,indice_provisiones,adeudado_bancos,
2024-11-01,2024,11,banco_ripley,retail_financiero,indice_provisiones,comerciales,3.0232318011185737
2024-11-01,2024,11,banco_ripley,retail_financiero,indice_provisiones,consumo,9.341518968351687
2024-11-01,2024,11,banco_ripley,retail_financiero,indice_provisiones,personas_total,7.989899210300681
2024-11-01,2024,11,banco_ripley,retail_financiero,indice_provisiones,total_colocaciones,7.9846627945111965
2024-11-01,2024,11,banco_ripley,retail_financiero,indice_provisiones,vivienda,0.5277759054772182
2024-11-01,2024,11,banco_santander_chile,banca_tradicional,indice_provisiones,adeudado_bancos,0.043427595901205804
2024-11-01,2024,11,banco_santander_chile,banca_tradicional,indice_provisiones,comerciales,3.813544416563967
2024-11-01,2024,11,banco_santander_chile,banca_tradicional,indice_provisiones,consumo,6.329807982726421
2024-11-01,2024,11,banco_santander_chile,banca_tradicional,indice_provisiones,personas_total,2.0908705084936647
2024-11-01,2024,11,banco_santander_chile,banca_tradicional,indice_provisiones,total_colocaciones,2.8617757083656135
2024-11-01,2024,11,banco_santander_chile,banca_tradicional,indice_provisiones,vivienda,0.9126682090856433
2024-12-01,2024,12,banco_bci,banca_tradicional,indice_provisiones,adeudado_bancos,0.09423880586171579
2024-12-01,2024,12,banco_bci,banca_tradicional,indice_provisiones,comerciales,1.9696757924982604
2024-12-01,2024,12,banco_bci,banca_tradicional,indice_provisiones,consumo,6.766980889914502
2024-12-01,2024,12,banco_bci,banca_tradicional,indice_provisiones,personas_total,1.8982195805973796
2024-12-01,2024,12,banco_bci,banca_tradicional,indice_provisiones,total_colocaciones,1.9392192045431726
2024-12-01,2024,12,banco_bci,banca_tradicional,indice_provisiones,vivienda,0.7527093435377874
2024-12-01,2024,12,banco_de_chile,banca_tradicional,indice_provisiones,adeudado_bancos,0.13301095603894272
2024-12-01,2024,12,banco_de_chile,banca_tradicional,indice_provisiones,comerciales,1.8720940562113986
2024-12-01,2024,12,banco_de_chile,banca_tradicional,indice_provisiones,consumo,6.618063056564121
2024-12-01,2024,12,banco_de_chile,banca_tradicional,indice_provisiones,personas_total,2.1619145056215556
2024-12-01,2024,12,banco_de_chile,banca_tradicional,indice_provisiones,total_colocaciones,2.0118836092397228
2024-12-01,2024,12,banco_de_chile,banca_tradicional,indice_provisiones,vivienda,0.2905009001058503
2024-12-01,2024,12,banco_falabella,retail_financiero,indice_provisiones,adeudado_bancos,
2024-12-01,2024,12,banco_falabella,retail_financiero,indice_provisiones,comerciales,4.422170647542491
2024-12-01,2024,12,banco_falabella,retail_financiero,indice_provisiones,consumo,8.593347622212006
2024-12-01,2024,12,banco_falabella,retail_financiero,indice_provisiones,personas_total,4.850142001392402
2024-12-01,2024,12,banco_falabella,retail_financiero,indice_provisiones,total_colocaciones,4.829279948466187
2024-12-01,2024,12,banco_falabella,retail_financiero,indice_provisiones,vivienda,0.5241455876404492
2024-12-01,2024,12,banco_ripley,retail_financiero,indice_provisiones,adeudado_bancos,
2024-12-01,2024,12,banco_ripley,retail_financiero,indice_provisiones,comerciales,3.1541665447680876
2024-12-01,2024,12,banco_ripley,retail_financiero,indice_provisiones,consumo,9.110916493484675
2024-12-01,2024,12,banco_ripley,retail_financiero,indice_provisiones,personas_total,7.843794085988372
2024-12-01,2024,12,banco_ripley,retail_financiero,indice_provisiones,total_colocaciones,7.839140549062493
2024-12-01,2024,12,banco_ripley,retail_financiero,indice_provisiones,vivienda,0.5075876701962917
2024-12-01,2024,12,banco_santander_chile,banca_tradicional,indice_provisiones,adeudado_bancos,0.079925459155923
2024-12-01,2024,12,banco_santander_chile,banca_tradicional,indice_provisiones,comerciales,3.7752794207622555
2024-12-01,2024,12,banco_santander_chile,banca_tradicional,indice_provisiones,consumo,6.192358691736396
2024-12-01,2024,12,banco_santander_chile,banca_tradicional,indice_provisiones,personas_total,2.080291665097184
2024-12-01,2024,12,banco_santander_chile,banca_tradicional,indice_provisiones,total_colocaciones,2.8445748749978828
2024-12-01,2024,12,banco_santander_chile,banca_tradicional,indice_provisiones,vivienda,0.9178636834525652
2025-01-01,2025,1,banco_bci,banca_tradicional,indice_provisiones,adeudado_bancos,0.10534004421729631
2025-01-01,2025,1,banco_bci,banca_tradicional,indice_provisiones,comerciales,1.978198673252576
2025-01-01,2025,1,banco_bci,banca_tradicional,indice_provisiones,consumo,7.318095317186871
2025-01-01,2025,1,banco_bci,banca_tradicional,indice_provisiones,personas_total,2.0011044128833335
2025-01-01,2025,1,banco_bci,banca_tradicional,indice_provisiones,total_colocaciones,1.987967180756952
2025-01-01,2025,1,banco_bci,banca_tradicional,indice_provisiones,vivienda,0.7523809808007925
2025-01-01,2025,1,banco_de_chile,banca_tradicional,indice_provisiones,adeudado_bancos,0.19863322255847063
2025-01-01,2025,1,banco_de_chile,banca_tradicional,indice_provisiones,comerciales,1.891046213365376
2025-01-01,2025,1,banco_de_chile,banca_tradicional,indice_provisiones,consumo,7.217586163703779
2025-01-01,2025,1,banco_de_chile,banca_tradicional,indice_provisiones,personas_total,2.326472292076689
2025-01-01,2025,1,banco_de_chile,banca_tradicional,indice_provisiones,total_colocaciones,2.1012101222065076
2025-01-01,2025,1,banco_de_chile,banca_tradicional,indice_provisiones,vivienda,0.28504946317159113
2025-01-01,2025,1,banco_falabella,retail_financiero,indice_provisiones,adeudado_bancos,
2025-01-01,2025,1,banco_falabella,retail_financiero,indice_provisiones,comerciales,4.352845817744941
2025-01-01,2025,1,banco_falabella,retail_financiero,indice_provisiones,consumo,8.320682695274225
2025-01-01,2025,1,banco_falabella,retail_financiero,indice_provisiones,personas_total,4.735134080537227
2025-01-01,2025,1,banco_falabella,retail_financiero,indice_provisiones,total_colocaciones,4.716819625908582
2025-01-01,2025,1,banco_falabella,retail_financiero,indice_provisiones,vivienda,0.5360719835074649
2025-01-01,2025,1,banco_ripley,retail_financiero,indice_provisiones,adeudado_bancos,
2025-01-01,2025,1,banco_ripley,retail_financiero,indice_provisiones,comerciales,3.179234683787471
2025-01-01,2025,1,banco_ripley,retail_financiero,indice_provisiones,consumo,8.709663642941898
2025-01-01,2025,1,banco_ripley,retail_financiero,indice_provisiones,personas_total,7.544862929676184
2025-01-01,2025,1,banco_ripley,retail_financiero,indice_provisiones,total_colocaciones,7.540818003596887
2025-01-01,2025,1,banco_ripley,retail_financiero,indice_provisiones,vivienda,0.4988438182161571
2025-01-01,2025,1,banco_santander_chile,banca_tradicional,indice_provisiones,adeudado_bancos,0.2187500619611822
2025-01-01,2025,1,banco_santander_chile,banca_tradicional,indice_provisiones,comerciales,3.834760518740221
2025-01-01,2025,1,banco_santander_chile,banca_tradicional,indice_provisiones,consumo,7.473141886535724
2025-01-01,2025,1,banco_santander_chile,banca_tradicional,indice_provisiones,personas_total,2.3943889662714466
2025-01-01,2025,1,banco_santander_chile,banca_tradicional,indice_provisiones,total_colocaciones,3.040185815373972
2025-01-01,2025,1,banco_santander_chile,banca_tradicional,indice_provisiones,vivienda,0.960912377665734
2025-02-01,2025,2,banco_bci,banca_tradicional,indice_provisiones,adeudado_bancos,0.11787312406613326
2025-02-01,2025,2,banco_bci,banca_tradicional,indice_provisiones,comerciales,1.9869785311312955
2025-02-01,2025,2,banco_bci,banca_tradicional,indice_provisiones,consumo,7.438998662215949
2025-02-01,2025,2,banco_bci,banca_tradicional,indice_provisiones,personas_total,2.019486965330842
2025-02-01,2025,2,banco_bci,banca_tradicional,indice_provisiones,total_colocaciones,2.0009211927354893
2025-02-01,2025,2,banco_bci,banca_tradicional,indice_provisiones,vivienda,0.7575089017400525
2025-02-01,2025,2,banco_de_chile,banca_tradicional,indice_provisiones,adeudado_bancos,0.18957877487897032
2025-02-01,2025,2,banco_de_chile,banca_tradicional,indice_provisiones,comerciales,1.889257351102223
2025-02-01,2025,2,banco_de_chile,banca_tradicional,indice_provisiones,consumo,7.27738526011374
2025-02-01,2025,2,banco_de_chile,banca_tradicional,indice_provisiones,personas_total,2.311639209428767
2025-02-01,2025,2,banco_de_chile,banca_tradicional,indice_provisiones,total_colocaciones,2.0920985756108417
2025-02-01,2025,2,banco_de_chile,banca_tradicional,indice_provisiones,vivienda,0.2962600281094255
2025-02-01,2025,2,banco_falabella,retail_financiero,indice_provisiones,adeudado_bancos,
2025-02-01,2025,2,banco_falabella,retail_financiero,indice_provisiones,comerciales,4.405032787108429
2025-02-01,2025,2,banco_falabella,retail_financiero,indice_provisiones,consumo,8.120082198768813
2025-02-01,2025,2,banco_falabella,retail_financiero,indice_provisiones,personas_total,4.617518416459881
2025-02-01,2025,2,banco_falabella,retail_financiero,indice_provisiones,total_colocaciones,4.607408800750799
2025-02-01,2025,2,banco_falabella,retail_financiero,indice_provisiones,vivienda,0.524181682947694
2025-02-01,2025,2,banco_ripley,retail_financiero,indice_provisiones,adeudado_bancos,
2025-02-01,2025,2,banco_ripley,retail_financiero,indice_provisiones,comerciales,2.8796090098672886
2025-02-01,2025,2,banco_ripley,retail_financiero,indice_provisiones,consumo,9.065920786079312
2025-02-01,2025,2,banco_ripley,retail_financiero,indice_provisiones,personas_total,7.891929849792606
2025-02-01,2025,2,banco_ripley,retail_financiero,indice_provisiones,total_colocaciones,7.887532720654302
2025-02-01,2025,2,banco_ripley,retail_financiero,indice_provisiones,vivienda,0.5101391985260616
2025-02-01,2025,2,banco_santander_chile,banca_tradicional,indice_provisiones,adeudado_bancos,0.06592074687664723
2025-02-01,2025,2,banco_santander_chile,banca_tradicional,indice_provisiones,comerciales,3.805419520896669
2025-02-01,2025,2,banco_santander_chile,banca_tradicional,indice_provisiones,consumo,7.7281560942020295
2025-02-01,2025,2,banco_santander_chile,banca_tradicional,indice_provisiones,personas_total,2.4789940437754634
2025-02-01,2025,2,banco_santander_chile,banca_tradicional,indice_provisiones,total_colocaciones,3.0716863688577156
2025-02-01,2025,2,banco_santander_chile,banca_tradicional,indice_provisiones,vivienda,1.0224551048159678
2025-03-01,2025,3,banco_bci,banca_tradicional,indice_provisiones,adeudado_bancos,0.135550704317133
2025-03-01,2025,3,banco_bci,banca_tradicional,indice_provisiones,comerciales,1.9449506975365067
2025-03-01,2025,3,banco_bci,banca_tradicional,indice_provisiones,consumo,7.345057801245648
2025-03-01,2025,3,banco_bci,banca_tradicional,indice_provisiones,personas_total,2.0088473253760393
2025-03-01,2025,3,banco_bci,banca_tradicional,indice_provisiones,total_colocaciones,1.9721870645122395
2025-03-01,2025,3,banco_bci,banca_tradicional,indice_provisiones,vivienda,0.7623614765777424
2025-03-01,2025,3,banco_de_chile,banca_tradicional,indice_provisiones,adeudado_bancos,0.14979399185862033
2025-03-01,2025,3,banco_de_chile,banca_tradicional,indice_provisiones,comerciales,1.875423944821871
2025-03-01,2025,3,banco_de_chile,banca_tradicional,indice_provisiones,consumo,7.197967720787702
2025-03-01,2025,3,banco_de_chile,banca_tradicional,indice_provisiones,personas_total,2.305627924566964
2025-03-01,2025,3,banco_de_chile,banca_tradicional,indice_provisiones,total_colocaciones,2.083824931982452
2025-03-01,2025,3,banco_de_chile,banca_tradicional,indice_provisiones,vivienda,0.29485719806298255
2025-03-01,2025,3,banco_falabella,retail_financiero,indice_provisiones,adeudado_bancos,
2025-03-01,2025,3,banco_falabella,retail_financiero,indice_provisiones,comerciales,4.495779735002288
2025-03-01,2025,3,banco_falabella,retail_financiero,indice_provisiones,consumo,7.959193094711124
2025-03-01,2025,3,banco_falabella,retail_financiero,indice_provisiones,personas_total,4.534756630088742
2025-03-01,2025,3,banco_falabella,retail_financiero,indice_provisiones,total_colocaciones,4.532926444450767
2025-03-01,2025,3,banco_falabella,retail_financiero,indice_provisiones,vivienda,0.5090986716867137
2025-03-01,2025,3,banco_ripley,retail_financiero,indice_provisiones,adeudado_bancos,
2025-03-01,2025,3,banco_ripley,retail_financiero,indice_provisiones,comerciales,2.317858644190559
2025-03-01,2025,3,banco_ripley,retail_financiero,indice_provisiones,consumo,8.737879845289417
2025-03-01,2025,3,banco_ripley,retail_financiero,indice_provisiones,personas_total,7.638901151257269
2025-03-01,2025,3,banco_ripley,retail_financiero,indice_provisiones,total_colocaciones,7.634614875909941
2025-03-01,2025,3,banco_ripley,retail_financiero,indice_provisiones,vivienda,0.4985155319931688
2025-03-01,2025,3,banco_santander_chile,banca_tradicional,indice_provisiones,adeudado_bancos,0.21837911084804645
2025-03-01,2025,3,banco_santander_chile,banca_tradicional,indice_provisiones,comerciales,3.7799063228055854
2025-03-01,2025,3,banco_santander_chile,banca_tradicional,indice_provisiones,consumo,7.670776761805086
2025-03-01,2025,3,banco_santander_chile,banca_tradicional,indice_provisiones,personas_total,2.475451845782211
2025-03-01,2025,3,banco_santander_chile,banca_tradicional,indice_provisiones,total_colocaciones,3.0619815606726477
2025-03-01,2025,3,banco_santander_chile,banca_tradicional,indice_provisiones,vivienda,1.0267729988020173
2025-04-01,2025,4,banco_bci,banca_tradicional,indice_provisiones,adeudado_bancos,0.12925960502111838
2025-04-01,2025,4,banco_bci,banca_tradicional,indice_provisiones,comerciales,1.9640960752585992
2025-04-01,2025,4,banco_bci,banca_tradicional,indice_provisiones,consumo,7.264969690371209
2025-04-01,2025,4,banco_bci,banca_tradicional,indice_provisiones,personas_total,1.9946496243317784
2025-04-01,2025,4,banco_bci,banca_tradicional,indice_provisiones,total_colocaciones,1.9770973432872954
2025-04-01,2025,4,banco_bci,banca_tradicional,indice_provisiones,vivienda,0.756579930257974
2025-04-01,2025,4,banco_de_chile,banca_tradicional,indice_provisiones,adeudado_bancos,0.14027941901113225
2025-04-01,2025,4,banco_de_chile,banca_tradicional,indice_provisiones,comerciales,1.8961415449508099
2025-04-01,2025,4,banco_de_chile,banca_tradicional,indice_provisiones,consumo,7.194836803127909
2025-04-01,2025,4,banco_de_chile,banca_tradicional,indice_provisiones,personas_total,2.3010475804539783
2025-04-01,2025,4,banco_de_chile,banca_tradicional,indice_provisiones,total_colocaciones,2.0925237569086677
2025-04-01,2025,4,banco_de_chile,banca_tradicional,indice_provisiones,vivienda,0.2933125370943006
2025-04-01,2025,4,banco_falabella,retail_financiero,indice_provisiones,adeudado_bancos,
2025-04-01,2025,4,banco_falabella,retail_financiero,indice_provisiones,comerciales,4.412166714890102
2025-04-01,2025,4,banco_falabella,retail_financiero,indice_provisiones,consumo,7.8714248139768195
2025-04-01,2025,4,banco_falabella,retail_financiero,indice_provisiones,personas_total,4.491766504538919
2025-04-01,2025,4,banco_falabella,retail_financiero,indice_provisiones,total_colocaciones,4.488046697859667
2025-04-01,2025,4,banco_falabella,retail_financiero,indice_provisiones,vivienda,0.5063320317905128
2025-04-01,2025,4,banco_ripley,retail_financiero,indice_provisiones,adeudado_bancos,
2025-04-01,2025,4,banco_ripley,retail_financiero,indice_provisiones,comerciales,1.9954166344557198
2025-04-01,2025,4,banco_ripley,retail_financiero,indice_provisiones,consumo,8.53608434627993
2025-04-01,2025,4,banco_ripley,retail_financiero,indice_provisiones,personas_total,7.508127212063561
2025-04-01,2025,4,banco_ripley,retail_financiero,indice_provisiones,total_colocaciones,7.504076269915057
2025-04-01,2025,4,banco_ripley,retail_financiero,indice_provisiones,vivienda,0.4900511373986163
2025-04-01,2025,4,banco_santander_chile,banca_tradicional,indice_provisiones,adeudado_bancos,0.21874990364643018
2025-04-01,2025,4,banco_santander_chile,banca_tradicional,indice_provisiones,comerciales,3.538934305096967
2025-04-01,2025,4,banco_santander_chile,banca_tradicional,indice_provisiones,consumo,7.610917899058799
2025-04-01,2025,4,banco_santander_chile,banca_tradicional,indice_provisiones,personas_total,2.470678738574095
2025-04-01,2025,4,banco_santander_chile,banca_tradicional,indice_provisiones,total_colocaciones,2.9500147838412683
2025-04-01,2025,4,banco_santander_chile,banca_tradicional,indice_provisiones,vivienda,1.030623140360858
2025-05-01,2025,5,banco_bci,banca_tradicional,indice_provisiones,adeudado_bancos,0.11352420396626227
2025-05-01,2025,5,banco_bci,banca_tradicional,indice_provisiones,comerciales,2.0162651754725243
2025-05-01,2025,5,banco_bci,banca_tradicional,indice_provisiones,consumo,7.157026478362531
2025-05-01,2025,5,banco_bci,banca_tradicional,indice_provisiones,personas_total,1.9697302185399583
2025-05-01,2025,5,banco_bci,banca_tradicional,indice_provisiones,total_colocaciones,1.996283895844485
2025-05-01,2025,5,banco_bci,banca_tradicional,indice_provisiones,vivienda,0.7560399598883756
2025-05-01,2025,5,banco_de_chile,banca_tradicional,indice_provisiones,adeudado_bancos,0.13917447275723838
2025-05-01,2025,5,banco_de_chile,banca_tradicional,indice_provisiones,comerciales,1.8988737633458714
2025-05-01,2025,5,banco_de_chile,banca_tradicional,indice_provisiones,consumo,7.25569715103387
2025-05-01,2025,5,banco_de_chile,banca_tradicional,indice_provisiones,personas_total,2.3015008049126537
2025-05-01,2025,5,banco_de_chile,banca_tradicional,indice_provisiones,total_colocaciones,2.0945951256164816
2025-05-01,2025,5,banco_de_chile,banca_tradicional,indice_provisiones,vivienda,0.29035167142250623
2025-05-01,2025,5,banco_falabella,retail_financiero,indice_provisiones,adeudado_bancos,
2025-05-01,2025,5,banco_falabella,retail_financiero,indice_provisiones,comerciales,4.518357843985898
2025-05-01,2025,5,banco_falabella,retail_financiero,indice_provisiones,consumo,7.748622813437421
2025-05-01,2025,5,banco_falabella,retail_financiero,indice_provisiones,personas_total,4.409136359729374
2025-05-01,2025,5,banco_falabella,retail_financiero,indice_provisiones,total_colocaciones,4.414277406790337
2025-05-01,2025,5,banco_falabella,retail_financiero,indice_provisiones,vivienda,0.5134927109286629
2025-05-01,2025,5,banco_ripley,retail_financiero,indice_provisiones,adeudado_bancos,
2025-05-01,2025,5,banco_ripley,retail_financiero,indice_provisiones,comerciales,2.2399225406445544
2025-05-01,2025,5,banco_ripley,retail_financiero,indice_provisiones,consumo,8.431336474171603
2025-05-01,2025,5,banco_ripley,retail_financiero,indice_provisiones,personas_total,7.447633836982304
2025-05-01,2025,5,banco_ripley,retail_financiero,indice_provisiones,total_colocaciones,7.443960194765381
2025-05-01,2025,5,banco_ripley,retail_financiero,indice_provisiones,vivienda,0.4736054382639441
2025-05-01,2025,5,banco_santander_chile,banca_tradicional,indice_provisiones,adeudado_bancos,0.2187500035475064
2025-05-01,2025,5,banco_santander_chile,banca_tradicional,indice_provisiones,comerciales,3.627083323902449
2025-05-01,2025,5,banco_santander_chile,banca_tradicional,indice_provisiones,consumo,7.61695163500746
2025-05-01,2025,5,banco_santander_chile,banca_tradicional,indice_provisiones,personas_total,2.471726338747496
2025-05-01,2025,5,banco_santander_chile,banca_tradicional,indice_provisiones,total_colocaciones,2.988664773462442
2025-05-01,2025,5,banco_santander_chile,banca_tradicional,indice_provisiones,vivienda,1.0328494035828675
2025-06-01,2025,6,banco_bci,banca_tradicional,indice_provisiones,adeudado_bancos,0.10451007015653638
2025-06-01,2025,6,banco_bci,banca_tradicional,indice_provisiones,comerciales,1.9618029884758945
2025-06-01,2025,6,banco_bci,banca_tradicional,indice_provisiones,consumo,7.066940938588292
2025-06-01,2025,6,banco_bci,banca_tradicional,indice_provisiones,personas_total,1.9566129021297272
2025-06-01,2025,6,banco_bci,banca_tradicional,indice_provisiones,total_colocaciones,1.9596031228386428
2025-06-01,2025,6,banco_bci,banca_tradicional,indice_provisiones,vivienda,0.7602804910680375
2025-06-01,2025,6,banco_de_chile,banca_tradicional,indice_provisiones,adeudado_bancos,0.23506320895085353
2025-06-01,2025,6,banco_de_chile,banca_tradicional,indice_provisiones,comerciales,1.8963167319675633
2025-06-01,2025,6,banco_de_chile,banca_tradicional,indice_provisiones,consumo,7.20137601068202
2025-06-01,2025,6,banco_de_chile,banca_tradicional,indice_provisiones,personas_total,2.287007919885504
2025-06-01,2025,6,banco_de_chile,banca_tradicional,indice_provisiones,total_colocaciones,2.0877322914384115
2025-06-01,2025,6,banco_de_chile,banca_tradicional,indice_provisiones,vivienda,0.2913291791045163
2025-06-01,2025,6,banco_falabella,retail_financiero,indice_provisiones,adeudado_bancos,
2025-06-01,2025,6,banco_falabella,retail_financiero,indice_provisiones,comerciales,4.46339781053385
2025-06-01,2025,6,banco_falabella,retail_financiero,indice_provisiones,consumo,7.592328033697567
2025-06-01,2025,6,banco_falabella,retail_financiero,indice_provisiones,personas_total,4.323177389928482
2025-06-01,2025,6,banco_falabella,retail_financiero,indice_provisiones,total_colocaciones,4.329739348025638
2025-06-01,2025,6,banco_falabella,retail_financiero,indice_provisiones,vivienda,0.5058546401289536
2025-06-01,2025,6,banco_ripley,retail_financiero,indice_provisiones,adeudado_bancos,
2025-06-01,2025,6,banco_ripley,retail_financiero,indice_provisiones,comerciales,2.6391516391102705
2025-06-01,2025,6,banco_ripley,retail_financiero,indice_provisiones,consumo,8.349025358116943
2025-06-01,2025,6,banco_ripley,retail_financiero,indice_provisiones,personas_total,7.410478844472193
2025-06-01,2025,6,banco_ripley,retail_financiero,indice_provisiones,total_colocaciones,7.407283216705859
2025-06-01,2025,6,banco_ripley,retail_financiero,indice_provisiones,vivienda,0.4726315753737509
2025-06-01,2025,6,banco_santander_chile,banca_tradicional,indice_provisiones,adeudado_bancos,0.08249999735695575
2025-06-01,2025,6,banco_santander_chile,banca_tradicional,indice_provisiones,comerciales,3.7213811056051807
2025-06-01,2025,6,banco_santander_chile,banca_tradicional,indice_provisiones,consumo,7.569774501351439
2025-06-01,2025,6,banco_santander_chile,banca_tradicional,indice_provisiones,personas_total,2.4669358313254697
2025-06-01,2025,6,banco_santander_chile,banca_tradicional,indice_provisiones,total_colocaciones,3.0296933631880916
2025-06-01,2025,6,banco_santander_chile,banca_tradicional,indice_provisiones,vivienda,1.0325787458582976
2025-07-01,2025,7,banco_bci,banca_tradicional,indice_provisiones,adeudado_bancos,0.10187114532014305
2025-07-01,2025,7,banco_bci,banca_tradicional,indice_provisiones,comerciales,2.000248986461912
2025-07-01,2025,7,banco_bci,banca_tradicional,indice_provisiones,consumo,6.975718920375982
2025-07-01,2025,7,banco_bci,banca_tradicional,indice_provisiones,personas_total,1.9363106059513517
2025-07-01,2025,7,banco_bci,banca_tradicional,indice_provisiones,total_colocaciones,1.97315195577731
2025-07-01,2025,7,banco_bci,banca_tradicional,indice_provisiones,vivienda,0.7541121696566092
2025-07-01,2025,7,banco_de_chile,banca_tradicional,indice_provisiones,adeudado_bancos,0.19173234744287057
2025-07-01,2025,7,banco_de_chile,banca_tradicional,indice_provisiones,comerciales,1.8576436898305455
2025-07-01,2025,7,banco_de_chile,banca_tradicional,indice_provisiones,consumo,7.244424321432814
2025-07-01,2025,7,banco_de_chile,banca_tradicional,indice_provisiones,personas_total,2.2916333523803694
2025-07-01,2025,7,banco_de_chile,banca_tradicional,indice_provisiones,total_colocaciones,2.0691353996898343
2025-07-01,2025,7,banco_de_chile,banca_tradicional,indice_provisiones,vivienda,0.2892410201954363
2025-07-01,2025,7,banco_falabella,retail_financiero,indice_provisiones,adeudado_bancos,
2025-07-01,2025,7,banco_falabella,retail_financiero,indice_provisiones,comerciales,4.436451311987273
2025-07-01,2025,7,banco_falabella,retail_financiero,indice_provisiones,consumo,7.25321751980881
2025-07-01,2025,7,banco_falabella,retail_financiero,indice_provisiones,personas_total,4.1751649269149125
2025-07-01,2025,7,banco_falabella,retail_financiero,indice_provisiones,total_colocaciones,4.1873027858361995
2025-07-01,2025,7,banco_falabella,retail_financiero,indice_provisiones,vivienda,0.512862882565685
2025-07-01,2025,7,banco_ripley,retail_financiero,indice_provisiones,adeudado_bancos,
2025-07-01,2025,7,banco_ripley,retail_financiero,indice_provisiones,comerciales,2.551969900012246
2025-07-01,2025,7,banco_ripley,retail_financiero,indice_provisiones,consumo,8.299670211167506
2025-07-01,2025,7,banco_ripley,retail_financiero,indice_provisiones,personas_total,7.41056152278545
2025-07-01,2025,7,banco_ripley,retail_financiero,indice_provisiones,total_colocaciones,7.407557289251619
2025-07-01,2025,7,banco_ripley,retail_financiero,indice_provisiones,vivienda,0.4616111612197333
2025-07-01,2025,7,banco_santander_chile,banca_tradicional,indice_provisiones,adeudado_bancos,0.2187495979849867
2025-07-01,2025,7,banco_santander_chile,banca_tradicional,indice_provisiones,comerciales,3.822374524611073
2025-07-01,2025,7,banco_santander_chile,banca_tradicional,indice_provisiones,consumo,7.551074404028486
2025-07-01,2025,7,banco_santander_chile,banca_tradicional,indice_provisiones,personas_total,2.47710133635873
2025-07-01,2025,7,banco_santander_chile,banca_tradicional,indice_provisiones,total_colocaciones,3.083223955841883
2025-07-01,2025,7,banco_santander_chile,banca_tradicional,indice_provisiones,vivienda,1.0395859469337396
2025-08-01,2025,8,banco_bci,banca_tradicional,indice_provisiones,adeudado_bancos,0.08265938061281729
2025-08-01,2025,8,banco_bci,banca_tradicional,indice_provisiones,comerciales,1.9479620791100913
2025-08-01,2025,8,banco_bci,banca_tradicional,indice_provisiones,consumo,6.985338888681958
2025-08-01,2025,8,banco_bci,banca_tradicional,indice_provisiones,personas_total,1.933091819251456
2025-08-01,2025,8,banco_bci,banca_tradicional,indice_provisiones,total_colocaciones,1.9416864204782966
2025-08-01,2025,8,banco_bci,banca_tradicional,indice_provisiones,vivienda,0.756121718324976
2025-08-01,2025,8,banco_de_chile,banca_tradicional,indice_provisiones,adeudado_bancos,0.13079069941421875
2025-08-01,2025,8,banco_de_chile,banca_tradicional,indice_provisiones,comerciales,1.8508545375069345
2025-08-01,2025,8,banco_de_chile,banca_tradicional,indice_provisiones,consumo,7.299186609113825
2025-08-01,2025,8,banco_de_chile,banca_tradicional,indice_provisiones,personas_total,2.304212576327747
2025-08-01,2025,8,banco_de_chile,banca_tradicional,indice_provisiones,total_colocaciones,2.0705164894250605
2025-08-01,2025,8,banco_de_chile,banca_tradicional,indice_provisiones,vivienda,0.29756787141530644
2025-08-01,2025,8,banco_falabella,retail_financiero,indice_provisiones,adeudado_bancos,
2025-08-01,2025,8,banco_falabella,retail_financiero,indice_provisiones,comerciales,4.426139183360324
2025-08-01,2025,8,banco_falabella,retail_financiero,indice_provisiones,consumo,7.033411724409257
2025-08-01,2025,8,banco_falabella,retail_financiero,indice_provisiones,personas_total,4.094343731222205
2025-08-01,2025,8,banco_falabella,retail_financiero,indice_provisiones,total_colocaciones,4.109654480462937
2025-08-01,2025,8,banco_falabella,retail_financiero,indice_provisiones,vivienda,0.5065341586187715
2025-08-01,2025,8,banco_ripley,retail_financiero,indice_provisiones,adeudado_bancos,
2025-08-01,2025,8,banco_ripley,retail_financiero,indice_provisiones,comerciales,2.48342321960926
2025-08-01,2025,8,banco_ripley,retail_financiero,indice_provisiones,consumo,8.541579831954914
2025-08-01,2025,8,banco_ripley,retail_financiero,indice_provisiones,personas_total,7.645282363771678
2025-08-01,2025,8,banco_ripley,retail_financiero,indice_provisiones,total_colocaciones,7.6422765050301225
2025-08-01,2025,8,banco_ripley,retail_financiero,indice_provisiones,vivienda,0.44076542524942
2025-08-01,2025,8,banco_santander_chile,banca_tradicional,indice_provisiones,adeudado_bancos,0.0405099532337345
2025-08-01,2025,8,banco_santander_chile,banca_tradicional,indice_provisiones,comerciales,3.8588323105098943
2025-08-01,2025,8,banco_santander_chile,banca_tradicional,indice_provisiones,consumo,7.6054818242178595
2025-08-01,2025,8,banco_santander_chile,banca_tradicional,indice_provisiones,personas_total,2.493729137661886
2025-08-01,2025,8,banco_santander_chile,banca_tradicional,indice_provisiones,total_colocaciones,3.1099223221065992
2025-08-01,2025,8,banco_santander_chile,banca_tradicional,indice_provisiones,vivienda,1.056596842291571
2025-09-01,2025,9,banco_bci,banca_tradicional,indice_provisiones,adeudado_bancos,0.10040153688338849
2025-09-01,2025,9,banco_bci,banca_tradicional,indice_provisiones,comerciales,1.960002376766089
2025-09-01,2025,9,banco_bci,banca_tradicional,indice_provisiones,consumo,6.996874914660172
2025-09-01,2025,9,banco_bci,banca_tradicional,indice_provisiones,personas_total,1.9384015396131833
2025-09-01,2025,9,banco_bci,banca_tradicional,indice_provisiones,total_colocaciones,1.9508752537296705
2025-09-01,2025,9,banco_bci,banca_tradicional,indice_provisiones,vivienda,0.7592750776991867
2025-09-01,2025,9,banco_de_chile,banca_tradicional,indice_provisiones,adeudado_bancos,0.12216489576624316
2025-09-01,2025,9,banco_de_chile,banca_tradicional,indice_provisiones,comerciales,1.8423665332699173
2025-09-01,2025,9,banco_de_chile,banca_tradicional,indice_provisiones,consumo,7.326358551433455
2025-09-01,2025,9,banco_de_chile,banca_tradicional,indice_provisiones,personas_total,2.303820527231216
2025-09-01,2025,9,banco_de_chile,banca_tradicional,indice_provisiones,total_colocaciones,2.0682405188602817
2025-09-01,2025,9,banco_de_chile,banca_tradicional,indice_provisiones,vivienda,0.29332418331147975
2025-09-01,2025,9,banco_falabella,retail_financiero,indice_provisiones,adeudado_bancos,
2025-09-01,2025,9,banco_falabella,retail_financiero,indice_provisiones,comerciales,4.4181306388472255
2025-09-01,2025,9,banco_falabella,retail_financiero,indice_provisiones,consumo,6.956004651040047
2025-09-01,2025,9,banco_falabella,retail_financiero,indice_provisiones,personas_total,4.067218594810407
2025-09-01,2025,9,banco_falabella,retail_financiero,indice_provisiones,total_colocaciones,4.083184298265791
2025-09-01,2025,9,banco_falabella,retail_financiero,indice_provisiones,vivienda,0.5026896378967204
2025-09-01,2025,9,banco_ripley,retail_financiero,indice_provisiones,adeudado_bancos,
2025-09-01,2025,9,banco_ripley,retail_financiero,indice_provisiones,comerciales,2.2549507725836375
2025-09-01,2025,9,banco_ripley,retail_financiero,indice_provisiones,consumo,8.871111848302805
2025-09-01,2025,9,banco_ripley,retail_financiero,indice_provisiones,personas_total,7.951151447167805
2025-09-01,2025,9,banco_ripley,retail_financiero,indice_provisiones,total_colocaciones,7.94794582586745
2025-09-01,2025,9,banco_ripley,retail_financiero,indice_provisiones,vivienda,0.4292938102347691
2025-09-01,2025,9,banco_santander_chile,banca_tradicional,indice_provisiones,adeudado_bancos,0.13772749803210396
2025-09-01,2025,9,banco_santander_chile,banca_tradicional,indice_provisiones,comerciales,3.7823768747532327
2025-09-01,2025,9,banco_santander_chile,banca_tradicional,indice_provisiones,consumo,7.601622819051075
2025-09-01,2025,9,banco_santander_chile,banca_tradicional,indice_provisiones,personas_total,2.495353842168127
2025-09-01,2025,9,banco_santander_chile,banca_tradicional,indice_provisiones,total_colocaciones,3.074399632369388
2025-09-01,2025,9,banco_santander_chile,banca_tradicional,indice_provisiones,vivienda,1.061021428181979
2025-10-01,2025,10,banco_bci,banca_tradicional,indice_provisiones,adeudado_bancos,0.11577551731940317
2025-10-01,2025,10,banco_bci,banca_tradicional,indice_provisiones,comerciales,1.9164486695298584
2025-10-01,2025,10,banco_bci,banca_tradicional,indice_provisiones,consumo,7.027324302093857
2025-10-01,2025,10,banco_bci,banca_tradicional,indice_provisiones,personas_total,1.9536570911035598
2025-10-01,2025,10,banco_bci,banca_tradicional,indice_provisiones,total_colocaciones,1.932335548931852
2025-10-01,2025,10,banco_bci,banca_tradicional,indice_provisiones,vivienda,0.7634527441907829
2025-10-01,2025,10,banco_de_chile,banca_tradicional,indice_provisiones,adeudado_bancos,0.11818377315942949
2025-10-01,2025,10,banco_de_chile,banca_tradicional,indice_provisiones,comerciales,1.8808400770248974
2025-10-01,2025,10,banco_de_chile,banca_tradicional,indice_provisiones,consumo,7.320560965374762
2025-10-01,2025,10,banco_de_chile,banca_tradicional,indice_provisiones,personas_total,2.321433554069617
2025-10-01,2025,10,banco_de_chile,banca_tradicional,indice_provisiones,total_colocaciones,2.099880469024988
2025-10-01,2025,10,banco_de_chile,banca_tradicional,indice_provisiones,vivienda,0.2965575266254131
2025-10-01,2025,10,banco_falabella,retail_financiero,indice_provisiones,adeudado_bancos,
2025-10-01,2025,10,banco_falabella,retail_financiero,indice_provisiones,comerciales,4.353950673736678
2025-10-01,2025,10,banco_falabella,retail_financiero,indice_provisiones,consumo,6.8366102395415425
2025-10-01,2025,10,banco_falabella,retail_financiero,indice_provisiones,personas_total,4.03399545489766
2025-10-01,2025,10,banco_falabella,retail_financiero,indice_provisiones,total_colocaciones,4.0482770280216815
2025-10-01,2025,10,banco_falabella,retail_financiero,indice_provisiones,vivienda,0.49491526354694915
2025-10-01,2025,10,banco_ripley,retail_financiero,indice_provisiones,adeudado_bancos,
2025-10-01,2025,10,banco_ripley,retail_financiero,indice_provisiones,comerciales,1.9509324221783964
2025-10-01,2025,10,banco_ripley,retail_financiero,indice_provisiones,consumo,8.95796268106617
2025-10-01,2025,10,banco_ripley,retail_financiero,indice_provisiones,personas_total,8.054080615115547
2025-10-01,2025,10,banco_ripley,retail_financiero,indice_provisiones,total_colocaciones,8.050754589324557
2025-10-01,2025,10,banco_ripley,retail_financiero,indice_provisiones,vivienda,0.4403396761517524
2025-10-01,2025,10,banco_santander_chile,banca_tradicional,indice_provisiones,adeudado_bancos,0.21585771256446576
2025-10-01,2025,10,banco_santander_chile,banca_tradicional,indice_provisiones,comerciales,3.799783379098777
2025-10-01,2025,10,banco_santander_chile,banca_tradicional,indice_provisiones,consumo,7.60257582727525
2025-10-01,2025,10,banco_santander_chile,banca_tradicional,indice_provisiones,personas_total,2.5152764736275195
2025-10-01,2025,10,banco_santander_chile,banca_tradicional,indice_provisiones,total_colocaciones,3.0914164125085724
2025-10-01,2025,10,banco_santander_chile,banca_tradicional,indice_provisiones,vivienda,1.0714708207202166
2025-11-01,2025,11,banco_bci,banca_tradicional,indice_provisiones,adeudado_bancos,0.1895910637671406
2025-11-01,2025,11,banco_bci,banca_tradicional,indice_provisiones,comerciales,1.8876416413614698
2025-11-01,2025,11,banco_bci,banca_tradicional,indice_provisiones,consumo,7.013955246449176
2025-11-01,2025,11,banco_bci,banca_tradicional,indice_provisiones,personas_total,1.9580189619270518
2025-11-01,2025,11,banco_bci,banca_tradicional,indice_provisiones,total_colocaciones,1.9174392892374374
2025-11-01,2025,11,banco_bci,banca_tradicional,indice_provisiones,vivienda,0.7700356394362052
2025-11-01,2025,11,banco_de_chile,banca_tradicional,indice_provisiones,adeudado_bancos,0.18068960171887422
2025-11-01,2025,11,banco_de_chile,banca_tradicional,indice_provisiones,comerciales,1.9065860529472054
2025-11-01,2025,11,banco_de_chile,banca_tradicional,indice_provisiones,consumo,7.336879205227049
2025-11-01,2025,11,banco_de_chile,banca_tradicional,indice_provisiones,personas_total,2.3271286582483435
2025-11-01,2025,11,banco_de_chile,banca_tradicional,indice_provisiones,total_colocaciones,2.1159278673479816
2025-11-01,2025,11,banco_de_chile,banca_tradicional,indice_provisiones,vivienda,0.29544599937211546
2025-11-01,2025,11,banco_falabella,retail_financiero,indice_provisiones,adeudado_bancos,
2025-11-01,2025,11,banco_falabella,retail_financiero,indice_provisiones,comerciales,4.254675211103566
2025-11-01,2025,11,banco_falabella,retail_financiero,indice_provisiones,consumo,6.862616920437925
2025-11-01,2025,11,banco_falabella,retail_financiero,indice_provisiones,personas_total,4.07057074165313
2025-11-01,2025,11,banco_falabella,retail_financiero,indice_provisiones,total_colocaciones,4.078931970806356
2025-11-01,2025,11,banco_falabella,retail_financiero,indice_provisiones,vivienda,0.5015036918576578
2025-11-01,2025,11,banco_ripley,retail_financiero,indice_provisiones,adeudado_bancos,
2025-11-01,2025,11,banco_ripley,retail_financiero,indice_provisiones,comerciales,2.012164884231029
2025-11-01,2025,11,banco_ripley,retail_financiero,indice_provisiones,consumo,9.079671344064108
2025-11-01,2025,11,banco_ripley,retail_financiero,indice_provisiones,personas_total,8.190814527157691
2025-11-01,2025,11,banco_ripley,retail_financiero,indice_provisiones,total_colocaciones,8.187651486310774
2025-11-01,2025,11,banco_ripley,retail_financiero,indice_provisiones,vivienda,0.438702131036182
2025-11-01,2025,11,banco_santander_chile,banca_tradicional,indice_provisiones,adeudado_bancos,0.1636069624556414
2025-11-01,2025,11,banco_santander_chile,banca_tradicional,indice_provisiones,comerciales,3.8854846003395846
2025-11-01,2025,11,banco_santander_chile,banca_tradicional,indice_provisiones,consumo,7.655114380009054
2025-11-01,2025,11,banco_santander_chile,banca_tradicional,indice_provisiones,personas_total,2.5363902604608044
2025-11-01,2025,11,banco_santander_chile,banca_tradicional,indice_provisiones,total_colocaciones,3.140069827201334
2025-11-01,2025,11,banco_santander_chile,banca_tradicional,indice_provisiones,vivienda,1.0826688101632318
2025-12-01,2025,12,banco_bci,banca_tradicional,indice_provisiones,adeudado_bancos,0.1727522202853839
2025-12-01,2025,12,banco_bci,banca_tradicional,indice_provisiones,comerciales,1.8707910454659211
2025-12-01,2025,12,banco_bci,banca_tradicional,indice_provisiones,consumo,6.941644943075803
2025-12-01,2025,12,banco_bci,banca_tradicional,indice_provisiones,personas_total,1.9628660624042533
2025-12-01,2025,12,banco_bci,banca_tradicional,indice_provisiones,total_colocaciones,1.9101340654068413
2025-12-01,2025,12,banco_bci,banca_tradicional,indice_provisiones,vivienda,0.7743864819712211
2025-12-01,2025,12,banco_de_chile,banca_tradicional,indice_provisiones,adeudado_bancos,0.16731449250525715
2025-12-01,2025,12,banco_de_chile,banca_tradicional,indice_provisiones,comerciales,1.8986798061804322
2025-12-01,2025,12,banco_de_chile,banca_tradicional,indice_provisiones,consumo,7.335516319533079
2025-12-01,2025,12,banco_de_chile,banca_tradicional,indice_provisiones,personas_total,2.3628789901466773
2025-12-01,2025,12,banco_de_chile,banca_tradicional,indice_provisiones,total_colocaciones,2.131804720303802
2025-12-01,2025,12,banco_de_chile,banca_tradicional,indice_provisiones,vivienda,0.30259291473935096
2025-12-01,2025,12,banco_falabella,retail_financiero,indice_provisiones,adeudado_bancos,
2025-12-01,2025,12,banco_falabella,retail_financiero,indice_provisiones,comerciales,4.191034397002049
2025-12-01,2025,12,banco_falabella,retail_financiero,indice_provisiones,consumo,6.8919846345218545
2025-12-01,2025,12,banco_falabella,retail_financiero,indice_provisiones,personas_total,4.073199784799998
2025-12-01,2025,12,banco_falabella,retail_financiero,indice_provisiones,total_colocaciones,4.078496946718144
2025-12-01,2025,12,banco_falabella,retail_financiero,indice_provisiones,vivienda,0.4731810505633853
2025-12-01,2025,12,banco_ripley,retail_financiero,indice_provisiones,adeudado_bancos,
2025-12-01,2025,12,banco_ripley,retail_financiero,indice_provisiones,comerciales,1.8928586076023486
2025-12-01,2025,12,banco_ripley,retail_financiero,indice_provisiones,consumo,9.031059644022388
2025-12-01,2025,12,banco_ripley,retail_financiero,indice_provisiones,personas_total,8.177197102919042
2025-12-01,2025,12,banco_ripley,retail_financiero,indice_provisiones,total_colocaciones,8.17414399366644
2025-12-01,2025,12,banco_ripley,retail_financiero,indice_provisiones,vivienda,0.43123237982056195
2025-12-01,2025,12,banco_santander_chile,banca_tradicional,indice_provisiones,adeudado_bancos,0.15740953551703507
2025-12-01,2025,12,banco_santander_chile,banca_tradicional,indice_provisiones,comerciales,3.9336711110689815
2025-12-01,2025,12,banco_santander_chile,banca_tradicional,indice_provisiones,consumo,7.502381449664906
2025-12-01,2025,12,banco_santander_chile,banca_tradicional,indice_provisiones,personas_total,2.506615251863856
2025-12-01,2025,12,banco_santander_chile,banca_tradicional,indice_provisiones,total_colocaciones,3.1418199772674544
2025-12-01,2025,12,banco_santander_chile,banca_tradicional,indice_provisiones,vivienda,1.0608032033920916
2026-01-01,2026,1,banco_bci,banca_tradicional,indice_provisiones,adeudado_bancos,0.19526131442314823
2026-01-01,2026,1,banco_bci,banca_tradicional,indice_provisiones,comerciales,1.9055931621024296
2026-01-01,2026,1,banco_bci,banca_tradicional,indice_provisiones,consumo,6.934410490133593
2026-01-01,2026,1,banco_bci,banca_tradicional,indice_provisiones,personas_total,1.972904472300287
2026-01-01,2026,1,banco_bci,banca_tradicional,indice_provisiones,total_colocaciones,1.9344958987970486
2026-01-01,2026,1,banco_bci,banca_tradicional,indice_provisiones,vivienda,0.7876735417408983
2026-01-01,2026,1,banco_de_chile,banca_tradicional,indice_provisiones,adeudado_bancos,0.20805189696222895
2026-01-01,2026,1,banco_de_chile,banca_tradicional,indice_provisiones,comerciales,1.8743033006881227
2026-01-01,2026,1,banco_de_chile,banca_tradicional,indice_provisiones,consumo,7.373125892324898
2026-01-01,2026,1,banco_de_chile,banca_tradicional,indice_provisiones,personas_total,2.3704974299541726
2026-01-01,2026,1,banco_de_chile,banca_tradicional,indice_provisiones,total_colocaciones,2.1213601195924343
2026-01-01,2026,1,banco_de_chile,banca_tradicional,indice_provisiones,vivienda,0.3036274739372402
2026-01-01,2026,1,banco_falabella,retail_financiero,indice_provisiones,adeudado_bancos,
2026-01-01,2026,1,banco_falabella,retail_financiero,indice_provisiones,comerciales,4.224764087416902
2026-01-01,2026,1,banco_falabella,retail_financiero,indice_provisiones,consumo,6.839004289937606
2026-01-01,2026,1,banco_falabella,retail_financiero,indice_provisiones,personas_total,4.0491205661629355
2026-01-01,2026,1,banco_falabella,retail_financiero,indice_provisiones,total_colocaciones,4.056931047393677
2026-01-01,2026,1,banco_falabella,retail_financiero,indice_provisiones,vivienda,0.4876283250571767
2026-01-01,2026,1,banco_ripley,retail_financiero,indice_provisiones,adeudado_bancos,
2026-01-01,2026,1,banco_ripley,retail_financiero,indice_provisiones,comerciales,1.7729293536226567
2026-01-01,2026,1,banco_ripley,retail_financiero,indice_provisiones,consumo,8.961038742982451
2026-01-01,2026,1,banco_ripley,retail_financiero,indice_provisiones,personas_total,8.151918520914569
2026-01-01,2026,1,banco_ripley,retail_financiero,indice_provisiones,total_colocaciones,8.149009491744136
2026-01-01,2026,1,banco_ripley,retail_financiero,indice_provisiones,vivienda,0.44629411365678184
2026-01-01,2026,1,banco_santander_chile,banca_tradicional,indice_provisiones,adeudado_bancos,0.05541905065267437
2026-01-01,2026,1,banco_santander_chile,banca_tradicional,indice_provisiones,comerciales,4.047822996217133
2026-01-01,2026,1,banco_santander_chile,banca_tradicional,indice_provisiones,consumo,7.458559535827174
2026-01-01,2026,1,banco_santander_chile,banca_tradicional,indice_provisiones,personas_total,2.502051335898674
2026-01-01,2026,1,banco_santander_chile,banca_tradicional,indice_provisiones,total_colocaciones,3.188766752262489
2026-01-01,2026,1,banco_santander_chile,banca_tradicional,indice_provisiones,vivienda,1.0625136794777346
2026-02-01,2026,2,banco_bci,banca_tradicional,indice_provisiones,adeudado_bancos,0.2036260630064084
2026-02-01,2026,2,banco_bci,banca_tradicional,indice_provisiones,comerciales,1.9102746248905198
2026-02-01,2026,2,banco_bci,banca_tradicional,indice_provisiones,consumo,6.908437211280926
2026-02-01,2026,2,banco_bci,banca_tradicional,indice_provisiones,personas_total,1.9731477362185426
2026-02-01,2026,2,banco_bci,banca_tradicional,indice_provisiones,total_colocaciones,1.937179544392522
2026-02-01,2026,2,banco_bci,banca_tradicional,indice_provisiones,vivienda,0.8006895107293232
2026-02-01,2026,2,banco_de_chile,banca_tradicional,indice_provisiones,adeudado_bancos,0.12432939120835117
2026-02-01,2026,2,banco_de_chile,banca_tradicional,indice_provisiones,comerciales,1.8872561393393148
2026-02-01,2026,2,banco_de_chile,banca_tradicional,indice_provisiones,consumo,7.425177978322931
2026-02-01,2026,2,banco_de_chile,banca_tradicional,indice_provisiones,personas_total,2.3737790014502265
2026-02-01,2026,2,banco_de_chile,banca_tradicional,indice_provisiones,total_colocaciones,2.1293595343942493
2026-02-01,2026,2,banco_de_chile,banca_tradicional,indice_provisiones,vivienda,0.31120942052919665
2026-02-01,2026,2,banco_falabella,retail_financiero,indice_provisiones,adeudado_bancos,
2026-02-01,2026,2,banco_falabella,retail_financiero,indice_provisiones,comerciales,4.244612667212215
2026-02-01,2026,2,banco_falabella,retail_financiero,indice_provisiones,consumo,6.79486338954235
2026-02-01,2026,2,banco_falabella,retail_financiero,indice_provisiones,personas_total,4.032854897494597
2026-02-01,2026,2,banco_falabella,retail_financiero,indice_provisiones,total_colocaciones,4.042136760416624
2026-02-01,2026,2,banco_falabella,retail_financiero,indice_provisiones,vivienda,0.49642793968807325
2026-02-01,2026,2,banco_ripley,retail_financiero,indice_provisiones,adeudado_bancos,
2026-02-01,2026,2,banco_ripley,retail_financiero,indice_provisiones,comerciales,1.5351915018029432
2026-02-01,2026,2,banco_ripley,retail_financiero,indice_provisiones,consumo,8.891196730150238
2026-02-01,2026,2,banco_ripley,retail_financiero,indice_provisiones,personas_total,8.114777685726274
2026-02-01,2026,2,banco_ripley,retail_financiero,indice_provisiones,total_colocaciones,8.112137525289633
2026-02-01,2026,2,banco_ripley,retail_financiero,indice_provisiones,vivienda,0.4410138216647992
2026-02-01,2026,2,banco_santander_chile,banca_tradicional,indice_provisiones,adeudado_bancos,0.076876458166299
2026-02-01,2026,2,banco_santander_chile,banca_tradicional,indice_provisiones,comerciales,4.228321168568402
2026-02-01,2026,2,banco_santander_chile,banca_tradicional,indice_provisiones,consumo,7.5933783530821195
2026-02-01,2026,2,banco_santander_chile,banca_tradicional,indice_provisiones,personas_total,2.5277780288631475
2026-02-01,2026,2,banco_santander_chile,banca_tradicional,indice_provisiones,total_colocaciones,3.2822413382360276
2026-02-01,2026,2,banco_santander_chile,banca_tradicional,indice_provisiones,vivienda,1.078961361424884
2026-03-01,2026,3,banco_bci,banca_tradicional,indice_provisiones,adeudado_bancos,0.18102144724185695
2026-03-01,2026,3,banco_bci,banca_tradicional,indice_provisiones,comerciales,1.8484924415265902
2026-03-01,2026,3,banco_bci,banca_tradicional,indice_provisiones,consumo,6.780012552325139
2026-03-01,2026,3,banco_bci,banca_tradicional,indice_provisiones,personas_total,1.9548531528630835
2026-03-01,2026,3,banco_bci,banca_tradicional,indice_provisiones,total_colocaciones,1.8933484812744001
2026-03-01,2026,3,banco_bci,banca_tradicional,indice_provisiones,vivienda,0.7972146847121954
2026-03-01,2026,3,banco_de_chile,banca_tradicional,indice_provisiones,adeudado_bancos,0.177691690647919
2026-03-01,2026,3,banco_de_chile,banca_tradicional,indice_provisiones,comerciales,1.8517101298505705
2026-03-01,2026,3,banco_de_chile,banca_tradicional,indice_provisiones,consumo,7.278374101838844
2026-03-01,2026,3,banco_de_chile,banca_tradicional,indice_provisiones,personas_total,2.366597258621675
2026-03-01,2026,3,banco_de_chile,banca_tradicional,indice_provisiones,total_colocaciones,2.1044992344622493
2026-03-01,2026,3,banco_de_chile,banca_tradicional,indice_provisiones,vivienda,0.30892915741554305
2026-03-01,2026,3,banco_falabella,retail_financiero,indice_provisiones,adeudado_bancos,
2026-03-01,2026,3,banco_falabella,retail_financiero,indice_provisiones,comerciales,4.2618352237474095
2026-03-01,2026,3,banco_falabella,retail_financiero,indice_provisiones,consumo,6.730231153610632
2026-03-01,2026,3,banco_falabella,retail_financiero,indice_provisiones,personas_total,3.9837992320334794
2026-03-01,2026,3,banco_falabella,retail_financiero,indice_provisiones,total_colocaciones,3.9957618904736134
2026-03-01,2026,3,banco_falabella,retail_financiero,indice_provisiones,vivienda,0.4777936371730856
2026-03-01,2026,3,banco_ripley,retail_financiero,indice_provisiones,adeudado_bancos,
2026-03-01,2026,3,banco_ripley,retail_financiero,indice_provisiones,comerciales,1.3549170283581342
2026-03-01,2026,3,banco_ripley,retail_financiero,indice_provisiones,consumo,8.525231379804875
2026-03-01,2026,3,banco_ripley,retail_financiero,indice_provisiones,personas_total,7.804709334406133
2026-03-01,2026,3,banco_ripley,retail_financiero,indice_provisiones,total_colocaciones,7.802373690410591
2026-03-01,2026,3,banco_ripley,retail_financiero,indice_provisiones,vivienda,0.4199580694211058
2026-03-01,2026,3,banco_santander_chile,banca_tradicional,indice_provisiones,adeudado_bancos,0.10206635947663678
2026-03-01,2026,3,banco_santander_chile,banca_tradicional,indice_provisiones,comerciales,4.200937854693914
2026-03-01,2026,3,banco_santander_chile,banca_tradicional,indice_provisiones,consumo,7.375447464686598
2026-03-01,2026,3,banco_santander_chile,banca_tradicional,indice_provisiones,personas_total,2.5020964474016956
2026-03-01,2026,3,banco_santander_chile,banca_tradicional,indice_provisiones,total_colocaciones,3.2602291849893534
2026-03-01,2026,3,banco_santander_chile,banca_tradicional,indice_provisiones,vivienda,1.0787121452307635
2026-04-01,2026,4,banco_bci,banca_tradicional,indice_provisiones,adeudado_bancos,0.16966127340889922
2026-04-01,2026,4,banco_bci,banca_tradicional,indice_provisiones,comerciales,1.649300105728372
2026-04-01,2026,4,banco_bci,banca_tradicional,indice_provisiones,consumo,6.712149395705273
2026-04-01,2026,4,banco_bci,banca_tradicional,indice_provisiones,personas_total,1.9297809754502393
2026-04-01,2026,4,banco_bci,banca_tradicional,indice_provisiones,total_colocaciones,1.7690148971873598
2026-04-01,2026,4,banco_bci,banca_tradicional,indice_provisiones,vivienda,0.7852883326293251
2026-04-01,2026,4,banco_de_chile,banca_tradicional,indice_provisiones,adeudado_bancos,0.19366089168714173
2026-04-01,2026,4,banco_de_chile,banca_tradicional,indice_provisiones,comerciales,1.8473051173095663
2026-04-01,2026,4,banco_de_chile,banca_tradicional,indice_provisiones,consumo,7.2851448733963515
2026-04-01,2026,4,banco_de_chile,banca_tradicional,indice_provisiones,personas_total,2.3678154583334705
2026-04-01,2026,4,banco_de_chile,banca_tradicional,indice_provisiones,total_colocaciones,2.1035336174561357
2026-04-01,2026,4,banco_de_chile,banca_tradicional,indice_provisiones,vivienda,0.32080372154310016
2026-04-01,2026,4,banco_falabella,retail_financiero,indice_provisiones,adeudado_bancos,
2026-04-01,2026,4,banco_falabella,retail_financiero,indice_provisiones,comerciales,4.258620495190814
2026-04-01,2026,4,banco_falabella,retail_financiero,indice_provisiones,consumo,6.777034110821105
2026-04-01,2026,4,banco_falabella,retail_financiero,indice_provisiones,personas_total,3.982824216864262
2026-04-01,2026,4,banco_falabella,retail_financiero,indice_provisiones,total_colocaciones,3.994726868409499
2026-04-01,2026,4,banco_falabella,retail_financiero,indice_provisiones,vivienda,0.4637668697007648
2026-04-01,2026,4,banco_ripley,retail_financiero,indice_provisiones,adeudado_bancos,
2026-04-01,2026,4,banco_ripley,retail_financiero,indice_provisiones,comerciales,1.3774889328145503
2026-04-01,2026,4,banco_ripley,retail_financiero,indice_provisiones,consumo,8.495650802634739
2026-04-01,2026,4,banco_ripley,retail_financiero,indice_provisiones,personas_total,7.802985367482855
2026-04-01,2026,4,banco_ripley,retail_financiero,indice_provisiones,total_colocaciones,7.800772056817588
2026-04-01,2026,4,banco_ripley,retail_financiero,indice_provisiones,vivienda,0.41274134834000753
2026-04-01,2026,4,banco_santander_chile,banca_tradicional,indice_provisiones,adeudado_bancos,0.036329603709215376
2026-04-01,2026,4,banco_santander_chile,banca_tradicional,indice_provisiones,comerciales,4.184759376366403
2026-04-01,2026,4,banco_santander_chile,banca_tradicional,indice_provisiones,consumo,7.346989722091278
2026-04-01,2026,4,banco_santander_chile,banca_tradicional,indice_provisiones,personas_total,2.4829045430299344
2026-04-01,2026,4,banco_santander_chile,banca_tradicional,indice_provisiones,total_colocaciones,3.239625548682845
2026-04-01,2026,4,banco_santander_chile,banca_tradicional,indice_provisiones,vivienda,1.0673429940599624
2026-05-01,2026,5,banco_bci,banca_tradicional,indice_provisiones,adeudado_bancos,0.12156020064092332
2026-05-01,2026,5,banco_bci,banca_tradicional,indice_provisiones,comerciales,1.5812014643999568
2026-05-01,2026,5,banco_bci,banca_tradicional,indice_provisiones,consumo,6.7086077563094815
2026-05-01,2026,5,banco_bci,banca_tradicional,indice_provisiones,personas_total,1.9044473279929746
2026-05-01,2026,5,banco_bci,banca_tradicional,indice_provisiones,total_colocaciones,1.7181700717852606
2026-05-01,2026,5,banco_bci,banca_tradicional,indice_provisiones,vivienda,0.7726193876483833
2026-05-01,2026,5,banco_de_chile,banca_tradicional,indice_provisiones,adeudado_bancos,0.19003677441473188
2026-05-01,2026,5,banco_de_chile,banca_tradicional,indice_provisiones,comerciales,1.8406718859665283
2026-05-01,2026,5,banco_de_chile,banca_tradicional,indice_provisiones,consumo,7.3520377087906335
2026-05-01,2026,5,banco_de_chile,banca_tradicional,indice_provisiones,personas_total,2.3656694311142785
2026-05-01,2026,5,banco_de_chile,banca_tradicional,indice_provisiones,total_colocaciones,2.098578045362211
2026-05-01,2026,5,banco_de_chile,banca_tradicional,indice_provisiones,vivienda,0.32490353047298137
2026-05-01,2026,5,banco_falabella,retail_financiero,indice_provisiones,adeudado_bancos,
2026-05-01,2026,5,banco_falabella,retail_financiero,indice_provisiones,comerciales,4.25544823798859
2026-05-01,2026,5,banco_falabella,retail_financiero,indice_provisiones,consumo,6.772786669812454
2026-05-01,2026,5,banco_falabella,retail_financiero,indice_provisiones,personas_total,3.9173692301600975
2026-05-01,2026,5,banco_falabella,retail_financiero,indice_provisiones,total_colocaciones,3.932048129641883
2026-05-01,2026,5,banco_falabella,retail_financiero,indice_provisiones,vivienda,0.44828227124202524
2026-05-01,2026,5,banco_ripley,retail_financiero,indice_provisiones,adeudado_bancos,
2026-05-01,2026,5,banco_ripley,retail_financiero,indice_provisiones,comerciales,1.5209241232780057
2026-05-01,2026,5,banco_ripley,retail_financiero,indice_provisiones,consumo,8.530717062031185
2026-05-01,2026,5,banco_ripley,retail_financiero,indice_provisiones,personas_total,7.8500635882128025
2026-05-01,2026,5,banco_ripley,retail_financiero,indice_provisiones,total_colocaciones,7.847963238342034
2026-05-01,2026,5,banco_ripley,retail_financiero,indice_provisiones,vivienda,0.401750178805246
2026-05-01,2026,5,banco_santander_chile,banca_tradicional,indice_provisiones,adeudado_bancos,0.14469747059965002
2026-05-01,2026,5,banco_santander_chile,banca_tradicional,indice_provisiones,comerciales,4.013001183312326
2026-05-01,2026,5,banco_santander_chile,banca_tradicional,indice_provisiones,consumo,7.393917262341573
2026-05-01,2026,5,banco_santander_chile,banca_tradicional,indice_provisiones,personas_total,2.4767652502259723
2026-05-01,2026,5,banco_santander_chile,banca_tradicional,indice_provisiones,total_colocaciones,3.161655373226376
2026-05-01,2026,5,banco_santander_chile,banca_tradicional,indice_provisiones,vivienda,1.07189027407246
2023-01-01,2023,1,banco_bci,banca_tradicional,morosidad_90d,adeudado_bancos,0.0
2023-01-01,2023,1,banco_bci,banca_tradicional,morosidad_90d,comerciales,1.89645078839856
2023-01-01,2023,1,banco_bci,banca_tradicional,morosidad_90d,consumo,2.5433661534474217
2023-01-01,2023,1,banco_bci,banca_tradicional,morosidad_90d,personas_total,1.2881841964965877
2023-01-01,2023,1,banco_bci,banca_tradicional,morosidad_90d,total_colocaciones,1.6066596697890985
2023-01-01,2023,1,banco_bci,banca_tradicional,morosidad_90d,vivienda,0.9358683035721064
2023-01-01,2023,1,banco_de_chile,banca_tradicional,morosidad_90d,adeudado_bancos,0.0
2023-01-01,2023,1,banco_de_chile,banca_tradicional,morosidad_90d,comerciales,1.1382819882179034
2023-01-01,2023,1,banco_de_chile,banca_tradicional,morosidad_90d,consumo,1.9014410649765154
2023-01-01,2023,1,banco_de_chile,banca_tradicional,morosidad_90d,personas_total,1.1362918809340776
2023-01-01,2023,1,banco_de_chile,banca_tradicional,morosidad_90d,total_colocaciones,1.1269935376408549
2023-01-01,2023,1,banco_de_chile,banca_tradicional,morosidad_90d,vivienda,0.8016394678530488
2023-01-01,2023,1,banco_falabella,retail_financiero,morosidad_90d,adeudado_bancos,
2023-01-01,2023,1,banco_falabella,retail_financiero,morosidad_90d,comerciales,7.335421763027238
2023-01-01,2023,1,banco_falabella,retail_financiero,morosidad_90d,consumo,3.6695486263422787
2023-01-01,2023,1,banco_falabella,retail_financiero,morosidad_90d,personas_total,3.3244212161270497
2023-01-01,2023,1,banco_falabella,retail_financiero,morosidad_90d,total_colocaciones,3.5084812574972037
2023-01-01,2023,1,banco_falabella,retail_financiero,morosidad_90d,vivienda,2.7821165792485023
2023-01-01,2023,1,banco_ripley,retail_financiero,morosidad_90d,adeudado_bancos,
2023-01-01,2023,1,banco_ripley,retail_financiero,morosidad_90d,comerciales,16.111013670646948
2023-01-01,2023,1,banco_ripley,retail_financiero,morosidad_90d,consumo,3.8607638643088587
2023-01-01,2023,1,banco_ripley,retail_financiero,morosidad_90d,personas_total,4.923092308383908
2023-01-01,2023,1,banco_ripley,retail_financiero,morosidad_90d,total_colocaciones,4.956157399154741
2023-01-01,2023,1,banco_ripley,retail_financiero,morosidad_90d,vivienda,9.593192390058377
2023-01-01,2023,1,banco_santander_chile,banca_tradicional,morosidad_90d,adeudado_bancos,0.0
2023-01-01,2023,1,banco_santander_chile,banca_tradicional,morosidad_90d,comerciales,2.567241276690832
2023-01-01,2023,1,banco_santander_chile,banca_tradicional,morosidad_90d,consumo,1.8605295736113994
2023-01-01,2023,1,banco_santander_chile,banca_tradicional,morosidad_90d,personas_total,1.4028229635412135
2023-01-01,2023,1,banco_santander_chile,banca_tradicional,morosidad_90d,total_colocaciones,1.9491844474971893
2023-01-01,2023,1,banco_santander_chile,banca_tradicional,morosidad_90d,vivienda,1.2742096609332292
2023-02-01,2023,2,banco_bci,banca_tradicional,morosidad_90d,adeudado_bancos,0.0
2023-02-01,2023,2,banco_bci,banca_tradicional,morosidad_90d,comerciales,1.7612054727476913
2023-02-01,2023,2,banco_bci,banca_tradicional,morosidad_90d,consumo,2.681730872931456
2023-02-01,2023,2,banco_bci,banca_tradicional,morosidad_90d,personas_total,1.3875433884824582
2023-02-01,2023,2,banco_bci,banca_tradicional,morosidad_90d,total_colocaciones,1.5778997673441832
2023-02-01,2023,2,banco_bci,banca_tradicional,morosidad_90d,vivienda,1.0295503001279913
2023-02-01,2023,2,banco_de_chile,banca_tradicional,morosidad_90d,adeudado_bancos,0.0
2023-02-01,2023,2,banco_de_chile,banca_tradicional,morosidad_90d,comerciales,1.1950983317402386
2023-02-01,2023,2,banco_de_chile,banca_tradicional,morosidad_90d,consumo,1.9449534893114553
2023-02-01,2023,2,banco_de_chile,banca_tradicional,morosidad_90d,personas_total,1.1747948898355611
2023-02-01,2023,2,banco_de_chile,banca_tradicional,morosidad_90d,total_colocaciones,1.177305194830574
2023-02-01,2023,2,banco_de_chile,banca_tradicional,morosidad_90d,vivienda,0.8420182208789802
2023-02-01,2023,2,banco_falabella,retail_financiero,morosidad_90d,adeudado_bancos,
2023-02-01,2023,2,banco_falabella,retail_financiero,morosidad_90d,comerciales,8.047503739730907
2023-02-01,2023,2,banco_falabella,retail_financiero,morosidad_90d,consumo,4.016653554632123
2023-02-01,2023,2,banco_falabella,retail_financiero,morosidad_90d,personas_total,3.5920231930948696
2023-02-01,2023,2,banco_falabella,retail_financiero,morosidad_90d,total_colocaciones,3.798312068895951
2023-02-01,2023,2,banco_falabella,retail_financiero,morosidad_90d,vivienda,2.9405753798326435
2023-02-01,2023,2,banco_ripley,retail_financiero,morosidad_90d,adeudado_bancos,
2023-02-01,2023,2,banco_ripley,retail_financiero,morosidad_90d,comerciales,15.443395421880544
2023-02-01,2023,2,banco_ripley,retail_financiero,morosidad_90d,consumo,3.8755807693169326
2023-02-01,2023,2,banco_ripley,retail_financiero,morosidad_90d,personas_total,5.090655075409477
2023-02-01,2023,2,banco_ripley,retail_financiero,morosidad_90d,total_colocaciones,5.119618332277758
2023-02-01,2023,2,banco_ripley,retail_financiero,morosidad_90d,vivienda,10.504203864025376
2023-02-01,2023,2,banco_santander_chile,banca_tradicional,morosidad_90d,adeudado_bancos,0.0
2023-02-01,2023,2,banco_santander_chile,banca_tradicional,morosidad_90d,comerciales,2.5639088485567303
2023-02-01,2023,2,banco_santander_chile,banca_tradicional,morosidad_90d,consumo,1.9078979593173753
2023-02-01,2023,2,banco_santander_chile,banca_tradicional,morosidad_90d,personas_total,1.1965371892295293
2023-02-01,2023,2,banco_santander_chile,banca_tradicional,morosidad_90d,total_colocaciones,1.8389027306591932
2023-02-01,2023,2,banco_santander_chile,banca_tradicional,morosidad_90d,vivienda,0.9993623411009561
2023-03-01,2023,3,banco_bci,banca_tradicional,morosidad_90d,adeudado_bancos,0.0
2023-03-01,2023,3,banco_bci,banca_tradicional,morosidad_90d,comerciales,1.710568329076149
2023-03-01,2023,3,banco_bci,banca_tradicional,morosidad_90d,consumo,2.621238162958428
2023-03-01,2023,3,banco_bci,banca_tradicional,morosidad_90d,personas_total,1.3786902327614687
2023-03-01,2023,3,banco_bci,banca_tradicional,morosidad_90d,total_colocaciones,1.547170301168448
2023-03-01,2023,3,banco_bci,banca_tradicional,morosidad_90d,vivienda,1.0381708347559875
2023-03-01,2023,3,banco_de_chile,banca_tradicional,morosidad_90d,adeudado_bancos,0.0
2023-03-01,2023,3,banco_de_chile,banca_tradicional,morosidad_90d,comerciales,1.252554937522081
2023-03-01,2023,3,banco_de_chile,banca_tradicional,morosidad_90d,consumo,1.9030719031466332
2023-03-01,2023,3,banco_de_chile,banca_tradicional,morosidad_90d,personas_total,1.186089177332736
2023-03-01,2023,3,banco_de_chile,banca_tradicional,morosidad_90d,total_colocaciones,1.2128727475097216
2023-03-01,2023,3,banco_de_chile,banca_tradicional,morosidad_90d,vivienda,0.869648566606635
2023-03-01,2023,3,banco_falabella,retail_financiero,morosidad_90d,adeudado_bancos,
2023-03-01,2023,3,banco_falabella,retail_financiero,morosidad_90d,comerciales,8.32182253276352
2023-03-01,2023,3,banco_falabella,retail_financiero,morosidad_90d,consumo,4.130731867011565
2023-03-01,2023,3,banco_falabella,retail_financiero,morosidad_90d,personas_total,3.7139411348026967
2023-03-01,2023,3,banco_falabella,retail_financiero,morosidad_90d,total_colocaciones,3.9312885383797886
2023-03-01,2023,3,banco_falabella,retail_financiero,morosidad_90d,vivienda,3.0894383727342207
2023-03-01,2023,3,banco_ripley,retail_financiero,morosidad_90d,adeudado_bancos,
2023-03-01,2023,3,banco_ripley,retail_financiero,morosidad_90d,comerciales,16.21665318885661
2023-03-01,2023,3,banco_ripley,retail_financiero,morosidad_90d,consumo,3.9026560916091775
2023-03-01,2023,3,banco_ripley,retail_financiero,morosidad_90d,personas_total,5.280863362350424
2023-03-01,2023,3,banco_ripley,retail_financiero,morosidad_90d,total_colocaciones,5.310069028010061
2023-03-01,2023,3,banco_ripley,retail_financiero,morosidad_90d,vivienda,11.539859999871586
2023-03-01,2023,3,banco_santander_chile,banca_tradicional,morosidad_90d,adeudado_bancos,0.0
2023-03-01,2023,3,banco_santander_chile,banca_tradicional,morosidad_90d,comerciales,2.530541141112046
2023-03-01,2023,3,banco_santander_chile,banca_tradicional,morosidad_90d,consumo,1.921683717706481
2023-03-01,2023,3,banco_santander_chile,banca_tradicional,morosidad_90d,personas_total,1.1963443645943619
2023-03-01,2023,3,banco_santander_chile,banca_tradicional,morosidad_90d,total_colocaciones,1.8174299719977465
2023-03-01,2023,3,banco_santander_chile,banca_tradicional,morosidad_90d,vivienda,0.9922411041573446
2023-04-01,2023,4,banco_bci,banca_tradicional,morosidad_90d,adeudado_bancos,0.0
2023-04-01,2023,4,banco_bci,banca_tradicional,morosidad_90d,comerciales,1.7985023220206997
2023-04-01,2023,4,banco_bci,banca_tradicional,morosidad_90d,consumo,2.687479397498546
2023-04-01,2023,4,banco_bci,banca_tradicional,morosidad_90d,personas_total,1.4595206444551463
2023-04-01,2023,4,banco_bci,banca_tradicional,morosidad_90d,total_colocaciones,1.6306702037293477
2023-04-01,2023,4,banco_bci,banca_tradicional,morosidad_90d,vivienda,1.1294465007505672
2023-04-01,2023,4,banco_de_chile,banca_tradicional,morosidad_90d,adeudado_bancos,0.0
2023-04-01,2023,4,banco_de_chile,banca_tradicional,morosidad_90d,comerciales,1.2930862319057714
2023-04-01,2023,4,banco_de_chile,banca_tradicional,morosidad_90d,consumo,1.9347282811932467
2023-04-01,2023,4,banco_de_chile,banca_tradicional,morosidad_90d,personas_total,1.2221217754992333
2023-04-01,2023,4,banco_de_chile,banca_tradicional,morosidad_90d,total_colocaciones,1.2521103386238321
2023-04-01,2023,4,banco_de_chile,banca_tradicional,morosidad_90d,vivienda,0.9109980327694865
2023-04-01,2023,4,banco_falabella,retail_financiero,morosidad_90d,adeudado_bancos,
2023-04-01,2023,4,banco_falabella,retail_financiero,morosidad_90d,comerciales,8.510837764626167
2023-04-01,2023,4,banco_falabella,retail_financiero,morosidad_90d,consumo,4.026033490789866
2023-04-01,2023,4,banco_falabella,retail_financiero,morosidad_90d,personas_total,3.7110862083441165
2023-04-01,2023,4,banco_falabella,retail_financiero,morosidad_90d,total_colocaciones,3.940372668536649
2023-04-01,2023,4,banco_falabella,retail_financiero,morosidad_90d,vivienda,3.251149689925147
2023-04-01,2023,4,banco_ripley,retail_financiero,morosidad_90d,adeudado_bancos,
2023-04-01,2023,4,banco_ripley,retail_financiero,morosidad_90d,comerciales,17.631524137124373
2023-04-01,2023,4,banco_ripley,retail_financiero,morosidad_90d,consumo,3.730046493029853
2023-04-01,2023,4,banco_ripley,retail_financiero,morosidad_90d,personas_total,5.225664096264256
2023-04-01,2023,4,banco_ripley,retail_financiero,morosidad_90d,total_colocaciones,5.257625465751531
2023-04-01,2023,4,banco_ripley,retail_financiero,morosidad_90d,vivienda,12.053249780382885
2023-04-01,2023,4,banco_santander_chile,banca_tradicional,morosidad_90d,adeudado_bancos,0.0
2023-04-01,2023,4,banco_santander_chile,banca_tradicional,morosidad_90d,comerciales,2.671969699415463
2023-04-01,2023,4,banco_santander_chile,banca_tradicional,morosidad_90d,consumo,1.9778695040721526
2023-04-01,2023,4,banco_santander_chile,banca_tradicional,morosidad_90d,personas_total,1.2568168300978684
2023-04-01,2023,4,banco_santander_chile,banca_tradicional,morosidad_90d,total_colocaciones,1.9162006168953152
2023-04-01,2023,4,banco_santander_chile,banca_tradicional,morosidad_90d,vivienda,1.0539667629373313
2023-05-01,2023,5,banco_bci,banca_tradicional,morosidad_90d,adeudado_bancos,0.0
2023-05-01,2023,5,banco_bci,banca_tradicional,morosidad_90d,comerciales,1.854696093981558
2023-05-01,2023,5,banco_bci,banca_tradicional,morosidad_90d,consumo,2.635443173286278
2023-05-01,2023,5,banco_bci,banca_tradicional,morosidad_90d,personas_total,1.41360600601636
2023-05-01,2023,5,banco_bci,banca_tradicional,morosidad_90d,total_colocaciones,1.6449017268715551
2023-05-01,2023,5,banco_bci,banca_tradicional,morosidad_90d,vivienda,1.0885366648320731
2023-05-01,2023,5,banco_de_chile,banca_tradicional,morosidad_90d,adeudado_bancos,0.0
2023-05-01,2023,5,banco_de_chile,banca_tradicional,morosidad_90d,comerciales,1.3286017790124012
2023-05-01,2023,5,banco_de_chile,banca_tradicional,morosidad_90d,consumo,1.9851538784736342
2023-05-01,2023,5,banco_de_chile,banca_tradicional,morosidad_90d,personas_total,1.24281525621595
2023-05-01,2023,5,banco_de_chile,banca_tradicional,morosidad_90d,total_colocaciones,1.2809895451494284
2023-05-01,2023,5,banco_de_chile,banca_tradicional,morosidad_90d,vivienda,0.9154014233221162
2023-05-01,2023,5,banco_falabella,retail_financiero,morosidad_90d,adeudado_bancos,
2023-05-01,2023,5,banco_falabella,retail_financiero,morosidad_90d,comerciales,9.328066304732046
2023-05-01,2023,5,banco_falabella,retail_financiero,morosidad_90d,consumo,4.346138294209363
2023-05-01,2023,5,banco_falabella,retail_financiero,morosidad_90d,personas_total,3.8783454662906225
2023-05-01,2023,5,banco_falabella,retail_financiero,morosidad_90d,total_colocaciones,4.145005697761359
2023-05-01,2023,5,banco_falabella,retail_financiero,morosidad_90d,vivienda,3.2155434981546014
2023-05-01,2023,5,banco_ripley,retail_financiero,morosidad_90d,adeudado_bancos,
2023-05-01,2023,5,banco_ripley,retail_financiero,morosidad_90d,comerciales,16.908327825723113
2023-05-01,2023,5,banco_ripley,retail_financiero,morosidad_90d,consumo,3.9082331896853684
2023-05-01,2023,5,banco_ripley,retail_financiero,morosidad_90d,personas_total,5.3370089936845
2023-05-01,2023,5,banco_ripley,retail_financiero,morosidad_90d,total_colocaciones,5.365353608315192
2023-05-01,2023,5,banco_ripley,retail_financiero,morosidad_90d,vivienda,12.060223426265978
2023-05-01,2023,5,banco_santander_chile,banca_tradicional,morosidad_90d,adeudado_bancos,0.0
2023-05-01,2023,5,banco_santander_chile,banca_tradicional,morosidad_90d,comerciales,2.765753174372674
2023-05-01,2023,5,banco_santander_chile,banca_tradicional,morosidad_90d,consumo,1.9686384255471172
2023-05-01,2023,5,banco_santander_chile,banca_tradicional,morosidad_90d,personas_total,1.4798278071816118
2023-05-01,2023,5,banco_santander_chile,banca_tradicional,morosidad_90d,total_colocaciones,2.07807150531563
2023-05-01,2023,5,banco_santander_chile,banca_tradicional,morosidad_90d,vivienda,1.3421103260837688
2023-06-01,2023,6,banco_bci,banca_tradicional,morosidad_90d,adeudado_bancos,0.0
2023-06-01,2023,6,banco_bci,banca_tradicional,morosidad_90d,comerciales,1.8334510206939287
2023-06-01,2023,6,banco_bci,banca_tradicional,morosidad_90d,consumo,2.6550238788787106
2023-06-01,2023,6,banco_bci,banca_tradicional,morosidad_90d,personas_total,1.4538725421555725
2023-06-01,2023,6,banco_bci,banca_tradicional,morosidad_90d,total_colocaciones,1.6537017948718515
2023-06-01,2023,6,banco_bci,banca_tradicional,morosidad_90d,vivienda,1.1383609911406294
2023-06-01,2023,6,banco_de_chile,banca_tradicional,morosidad_90d,adeudado_bancos,0.0
2023-06-01,2023,6,banco_de_chile,banca_tradicional,morosidad_90d,comerciales,1.4166950264215519
2023-06-01,2023,6,banco_de_chile,banca_tradicional,morosidad_90d,consumo,1.9038322670003893
2023-06-01,2023,6,banco_de_chile,banca_tradicional,morosidad_90d,personas_total,1.2377001706025939
2023-06-01,2023,6,banco_de_chile,banca_tradicional,morosidad_90d,total_colocaciones,1.3229551210662889
2023-06-01,2023,6,banco_de_chile,banca_tradicional,morosidad_90d,vivienda,0.9476437676556133
2023-06-01,2023,6,banco_falabella,retail_financiero,morosidad_90d,adeudado_bancos,
2023-06-01,2023,6,banco_falabella,retail_financiero,morosidad_90d,comerciales,9.286834963475105
2023-06-01,2023,6,banco_falabella,retail_financiero,morosidad_90d,consumo,4.347244259624849
2023-06-01,2023,6,banco_falabella,retail_financiero,morosidad_90d,personas_total,3.894807988700121
2023-06-01,2023,6,banco_falabella,retail_financiero,morosidad_90d,total_colocaciones,4.159810359447097
2023-06-01,2023,6,banco_falabella,retail_financiero,morosidad_90d,vivienda,3.2693968489606027
2023-06-01,2023,6,banco_ripley,retail_financiero,morosidad_90d,adeudado_bancos,
2023-06-01,2023,6,banco_ripley,retail_financiero,morosidad_90d,comerciales,14.478484379181307
2023-06-01,2023,6,banco_ripley,retail_financiero,morosidad_90d,consumo,3.896352328036114
2023-06-01,2023,6,banco_ripley,retail_financiero,morosidad_90d,personas_total,5.585670442159276
2023-06-01,2023,6,banco_ripley,retail_financiero,morosidad_90d,total_colocaciones,5.60636044416273
2023-06-01,2023,6,banco_ripley,retail_financiero,morosidad_90d,vivienda,13.558997594431736
2023-06-01,2023,6,banco_santander_chile,banca_tradicional,morosidad_90d,adeudado_bancos,0.0
2023-06-01,2023,6,banco_santander_chile,banca_tradicional,morosidad_90d,comerciales,2.8535063433438657
2023-06-01,2023,6,banco_santander_chile,banca_tradicional,morosidad_90d,consumo,1.8823302060246971
2023-06-01,2023,6,banco_santander_chile,banca_tradicional,morosidad_90d,personas_total,1.4994277412279853
2023-06-01,2023,6,banco_santander_chile,banca_tradicional,morosidad_90d,total_colocaciones,2.1215428693400624
2023-06-01,2023,6,banco_santander_chile,banca_tradicional,morosidad_90d,vivienda,1.3923401443266625
2023-07-01,2023,7,banco_bci,banca_tradicional,morosidad_90d,adeudado_bancos,0.0
2023-07-01,2023,7,banco_bci,banca_tradicional,morosidad_90d,comerciales,1.9911248452497385
2023-07-01,2023,7,banco_bci,banca_tradicional,morosidad_90d,consumo,2.66782024722265
2023-07-01,2023,7,banco_bci,banca_tradicional,morosidad_90d,personas_total,1.4821273879059285
2023-07-01,2023,7,banco_bci,banca_tradicional,morosidad_90d,total_colocaciones,1.7530306558800455
2023-07-01,2023,7,banco_bci,banca_tradicional,morosidad_90d,vivienda,1.1734670118465191
2023-07-01,2023,7,banco_de_chile,banca_tradicional,morosidad_90d,adeudado_bancos,0.0
2023-07-01,2023,7,banco_de_chile,banca_tradicional,morosidad_90d,comerciales,1.431485537631312
2023-07-01,2023,7,banco_de_chile,banca_tradicional,morosidad_90d,consumo,1.9954689424543053
2023-07-01,2023,7,banco_de_chile,banca_tradicional,morosidad_90d,personas_total,1.267478101622767
2023-07-01,2023,7,banco_de_chile,banca_tradicional,morosidad_90d,total_colocaciones,1.3471383410012638
2023-07-01,2023,7,banco_de_chile,banca_tradicional,morosidad_90d,vivienda,0.952619344143373
2023-07-01,2023,7,banco_falabella,retail_financiero,morosidad_90d,adeudado_bancos,
2023-07-01,2023,7,banco_falabella,retail_financiero,morosidad_90d,comerciales,9.874509795222158
2023-07-01,2023,7,banco_falabella,retail_financiero,morosidad_90d,consumo,4.037291454439709
2023-07-01,2023,7,banco_falabella,retail_financiero,morosidad_90d,personas_total,3.7398497733952865
2023-07-01,2023,7,banco_falabella,retail_financiero,morosidad_90d,total_colocaciones,4.0452455158383085
2023-07-01,2023,7,banco_falabella,retail_financiero,morosidad_90d,vivienda,3.3377919941315044
2023-07-01,2023,7,banco_ripley,retail_financiero,morosidad_90d,adeudado_bancos,
2023-07-01,2023,7,banco_ripley,retail_financiero,morosidad_90d,comerciales,14.742844106405068
2023-07-01,2023,7,banco_ripley,retail_financiero,morosidad_90d,consumo,4.1757770129272265
2023-07-01,2023,7,banco_ripley,retail_financiero,morosidad_90d,personas_total,5.896220852319486
2023-07-01,2023,7,banco_ripley,retail_financiero,morosidad_90d,total_colocaciones,5.915115851177722
2023-07-01,2023,7,banco_ripley,retail_financiero,morosidad_90d,vivienda,14.066135620775896
2023-07-01,2023,7,banco_santander_chile,banca_tradicional,morosidad_90d,adeudado_bancos,0.0
2023-07-01,2023,7,banco_santander_chile,banca_tradicional,morosidad_90d,comerciales,2.8407485251783844
2023-07-01,2023,7,banco_santander_chile,banca_tradicional,morosidad_90d,consumo,1.8953597808385965
2023-07-01,2023,7,banco_santander_chile,banca_tradicional,morosidad_90d,personas_total,1.5223746736780601
2023-07-01,2023,7,banco_santander_chile,banca_tradicional,morosidad_90d,total_colocaciones,2.127499484141305
2023-07-01,2023,7,banco_santander_chile,banca_tradicional,morosidad_90d,vivienda,1.4178338281218121
2023-08-01,2023,8,banco_bci,banca_tradicional,morosidad_90d,adeudado_bancos,0.0
2023-08-01,2023,8,banco_bci,banca_tradicional,morosidad_90d,comerciales,1.8994066680027684
2023-08-01,2023,8,banco_bci,banca_tradicional,morosidad_90d,consumo,2.6433128089721767
2023-08-01,2023,8,banco_bci,banca_tradicional,morosidad_90d,personas_total,1.5036114788682442
2023-08-01,2023,8,banco_bci,banca_tradicional,morosidad_90d,total_colocaciones,1.7067845141257003
2023-08-01,2023,8,banco_bci,banca_tradicional,morosidad_90d,vivienda,1.2087469224177319
2023-08-01,2023,8,banco_de_chile,banca_tradicional,morosidad_90d,adeudado_bancos,0.0
2023-08-01,2023,8,banco_de_chile,banca_tradicional,morosidad_90d,comerciales,1.4219501501056917
2023-08-01,2023,8,banco_de_chile,banca_tradicional,morosidad_90d,consumo,1.9065249600549936
2023-08-01,2023,8,banco_de_chile,banca_tradicional,morosidad_90d,personas_total,1.2495071680536407
2023-08-01,2023,8,banco_de_chile,banca_tradicional,morosidad_90d,total_colocaciones,1.3245820973987223
2023-08-01,2023,8,banco_de_chile,banca_tradicional,morosidad_90d,vivienda,0.9637856194262349
2023-08-01,2023,8,banco_falabella,retail_financiero,morosidad_90d,adeudado_bancos,
2023-08-01,2023,8,banco_falabella,retail_financiero,morosidad_90d,comerciales,9.993894007994175
2023-08-01,2023,8,banco_falabella,retail_financiero,morosidad_90d,consumo,3.8387356283601632
2023-08-01,2023,8,banco_falabella,retail_financiero,morosidad_90d,personas_total,3.6591607578289413
2023-08-01,2023,8,banco_falabella,retail_financiero,morosidad_90d,total_colocaciones,3.9805972411617865
2023-08-01,2023,8,banco_falabella,retail_financiero,morosidad_90d,vivienda,3.4204435948717977
2023-08-01,2023,8,banco_ripley,retail_financiero,morosidad_90d,adeudado_bancos,
2023-08-01,2023,8,banco_ripley,retail_financiero,morosidad_90d,comerciales,14.205803569541734
2023-08-01,2023,8,banco_ripley,retail_financiero,morosidad_90d,consumo,4.388682490025017
2023-08-01,2023,8,banco_ripley,retail_financiero,morosidad_90d,personas_total,6.149882323174315
2023-08-01,2023,8,banco_ripley,retail_financiero,morosidad_90d,total_colocaciones,6.166495385264628
2023-08-01,2023,8,banco_ripley,retail_financiero,morosidad_90d,vivienda,14.537269992896094
2023-08-01,2023,8,banco_santander_chile,banca_tradicional,morosidad_90d,adeudado_bancos,0.0
2023-08-01,2023,8,banco_santander_chile,banca_tradicional,morosidad_90d,comerciales,2.906378691545502
2023-08-01,2023,8,banco_santander_chile,banca_tradicional,morosidad_90d,consumo,1.8833055750325673
2023-08-01,2023,8,banco_santander_chile,banca_tradicional,morosidad_90d,personas_total,1.5538847402720892
2023-08-01,2023,8,banco_santander_chile,banca_tradicional,morosidad_90d,total_colocaciones,2.17311533318133
2023-08-01,2023,8,banco_santander_chile,banca_tradicional,morosidad_90d,vivienda,1.4617760740790553
2023-09-01,2023,9,banco_bci,banca_tradicional,morosidad_90d,adeudado_bancos,0.0
2023-09-01,2023,9,banco_bci,banca_tradicional,morosidad_90d,comerciales,1.9566443201185122
2023-09-01,2023,9,banco_bci,banca_tradicional,morosidad_90d,consumo,2.7016969288850854
2023-09-01,2023,9,banco_bci,banca_tradicional,morosidad_90d,personas_total,1.5572693385068404
2023-09-01,2023,9,banco_bci,banca_tradicional,morosidad_90d,total_colocaciones,1.762783245817726
2023-09-01,2023,9,banco_bci,banca_tradicional,morosidad_90d,vivienda,1.2654225738486582
2023-09-01,2023,9,banco_de_chile,banca_tradicional,morosidad_90d,adeudado_bancos,0.0
2023-09-01,2023,9,banco_de_chile,banca_tradicional,morosidad_90d,comerciales,1.45234001290996
2023-09-01,2023,9,banco_de_chile,banca_tradicional,morosidad_90d,consumo,1.848296111704641
2023-09-01,2023,9,banco_de_chile,banca_tradicional,morosidad_90d,personas_total,1.2391770551432002
2023-09-01,2023,9,banco_de_chile,banca_tradicional,morosidad_90d,total_colocaciones,1.3354151071932259
2023-09-01,2023,9,banco_de_chile,banca_tradicional,morosidad_90d,vivienda,0.9788618735114112
2023-09-01,2023,9,banco_falabella,retail_financiero,morosidad_90d,adeudado_bancos,
2023-09-01,2023,9,banco_falabella,retail_financiero,morosidad_90d,comerciales,10.260571975019861
2023-09-01,2023,9,banco_falabella,retail_financiero,morosidad_90d,consumo,3.834249714294559
2023-09-01,2023,9,banco_falabella,retail_financiero,morosidad_90d,personas_total,3.7420620010157486
2023-09-01,2023,9,banco_falabella,retail_financiero,morosidad_90d,total_colocaciones,4.079726560732238
2023-09-01,2023,9,banco_falabella,retail_financiero,morosidad_90d,vivienda,3.6218451215479353
2023-09-01,2023,9,banco_ripley,retail_financiero,morosidad_90d,adeudado_bancos,
2023-09-01,2023,9,banco_ripley,retail_financiero,morosidad_90d,comerciales,14.2393594518173
2023-09-01,2023,9,banco_ripley,retail_financiero,morosidad_90d,consumo,4.515808158901725
2023-09-01,2023,9,banco_ripley,retail_financiero,morosidad_90d,personas_total,6.272128700036404
2023-09-01,2023,9,banco_ripley,retail_financiero,morosidad_90d,total_colocaciones,6.2881411456804726
2023-09-01,2023,9,banco_ripley,retail_financiero,morosidad_90d,vivienda,14.720636427133833
2023-09-01,2023,9,banco_santander_chile,banca_tradicional,morosidad_90d,adeudado_bancos,0.0
2023-09-01,2023,9,banco_santander_chile,banca_tradicional,morosidad_90d,comerciales,2.927244835019838
2023-09-01,2023,9,banco_santander_chile,banca_tradicional,morosidad_90d,consumo,1.926146755975823
2023-09-01,2023,9,banco_santander_chile,banca_tradicional,morosidad_90d,personas_total,1.6474974018093822
2023-09-01,2023,9,banco_santander_chile,banca_tradicional,morosidad_90d,total_colocaciones,2.241747731431359
2023-09-01,2023,9,banco_santander_chile,banca_tradicional,morosidad_90d,vivienda,1.570190566128416
2023-10-01,2023,10,banco_bci,banca_tradicional,morosidad_90d,adeudado_bancos,0.0
2023-10-01,2023,10,banco_bci,banca_tradicional,morosidad_90d,comerciales,2.0003635043432304
2023-10-01,2023,10,banco_bci,banca_tradicional,morosidad_90d,consumo,2.400250314451074
2023-10-01,2023,10,banco_bci,banca_tradicional,morosidad_90d,personas_total,1.564585348299041
2023-10-01,2023,10,banco_bci,banca_tradicional,morosidad_90d,total_colocaciones,1.789334134159881
2023-10-01,2023,10,banco_bci,banca_tradicional,morosidad_90d,vivienda,1.352827259305677
2023-10-01,2023,10,banco_de_chile,banca_tradicional,morosidad_90d,adeudado_bancos,0.0
2023-10-01,2023,10,banco_de_chile,banca_tradicional,morosidad_90d,comerciales,1.5371011209393406
2023-10-01,2023,10,banco_de_chile,banca_tradicional,morosidad_90d,consumo,1.936976931516175
2023-10-01,2023,10,banco_de_chile,banca_tradicional,morosidad_90d,personas_total,1.2761929212649799
2023-10-01,2023,10,banco_de_chile,banca_tradicional,morosidad_90d,total_colocaciones,1.4051122056712895
2023-10-01,2023,10,banco_de_chile,banca_tradicional,morosidad_90d,vivienda,0.9923088180571373
2023-10-01,2023,10,banco_falabella,retail_financiero,morosidad_90d,adeudado_bancos,
2023-10-01,2023,10,banco_falabella,retail_financiero,morosidad_90d,comerciales,9.61483288336702
2023-10-01,2023,10,banco_falabella,retail_financiero,morosidad_90d,consumo,3.7802128786576086
2023-10-01,2023,10,banco_falabella,retail_financiero,morosidad_90d,personas_total,3.7424112591523286
2023-10-01,2023,10,banco_falabella,retail_financiero,morosidad_90d,total_colocaciones,4.042466805696207
2023-10-01,2023,10,banco_falabella,retail_financiero,morosidad_90d,vivienda,3.693840154188322
2023-10-01,2023,10,banco_ripley,retail_financiero,morosidad_90d,adeudado_bancos,
2023-10-01,2023,10,banco_ripley,retail_financiero,morosidad_90d,comerciales,14.652874873273536
2023-10-01,2023,10,banco_ripley,retail_financiero,morosidad_90d,consumo,4.660234342406942
2023-10-01,2023,10,banco_ripley,retail_financiero,morosidad_90d,personas_total,6.41951825134261
2023-10-01,2023,10,banco_ripley,retail_financiero,morosidad_90d,total_colocaciones,6.435560745391041
2023-10-01,2023,10,banco_ripley,retail_financiero,morosidad_90d,vivienda,14.97195800390655
2023-10-01,2023,10,banco_santander_chile,banca_tradicional,morosidad_90d,adeudado_bancos,0.0
2023-10-01,2023,10,banco_santander_chile,banca_tradicional,morosidad_90d,comerciales,3.0766119147812705
2023-10-01,2023,10,banco_santander_chile,banca_tradicional,morosidad_90d,consumo,2.0169694417735675
2023-10-01,2023,10,banco_santander_chile,banca_tradicional,morosidad_90d,personas_total,1.7042485759327435
2023-10-01,2023,10,banco_santander_chile,banca_tradicional,morosidad_90d,total_colocaciones,2.3360028325127993
2023-10-01,2023,10,banco_santander_chile,banca_tradicional,morosidad_90d,vivienda,1.6168827104345895
2023-11-01,2023,11,banco_bci,banca_tradicional,morosidad_90d,adeudado_bancos,0.0
2023-11-01,2023,11,banco_bci,banca_tradicional,morosidad_90d,comerciales,2.043294736913969
2023-11-01,2023,11,banco_bci,banca_tradicional,morosidad_90d,consumo,2.667478875788175
2023-11-01,2023,11,banco_bci,banca_tradicional,morosidad_90d,personas_total,1.6651319731976473
2023-11-01,2023,11,banco_bci,banca_tradicional,morosidad_90d,total_colocaciones,1.8547805340787393
2023-11-01,2023,11,banco_bci,banca_tradicional,morosidad_90d,vivienda,1.4107870654884893
2023-11-01,2023,11,banco_de_chile,banca_tradicional,morosidad_90d,adeudado_bancos,0.0
2023-11-01,2023,11,banco_de_chile,banca_tradicional,morosidad_90d,comerciales,1.516084973938534
2023-11-01,2023,11,banco_de_chile,banca_tradicional,morosidad_90d,consumo,1.9063398424587321
2023-11-01,2023,11,banco_de_chile,banca_tradicional,morosidad_90d,personas_total,1.2933002564325662
2023-11-01,2023,11,banco_de_chile,banca_tradicional,morosidad_90d,total_colocaciones,1.3981975102376962
2023-11-01,2023,11,banco_de_chile,banca_tradicional,morosidad_90d,vivienda,1.0270485319520382
2023-11-01,2023,11,banco_falabella,retail_financiero,morosidad_90d,adeudado_bancos,
2023-11-01,2023,11,banco_falabella,retail_financiero,morosidad_90d,comerciales,10.209455613079559
2023-11-01,2023,11,banco_falabella,retail_financiero,morosidad_90d,consumo,3.8163378849973606
2023-11-01,2023,11,banco_falabella,retail_financiero,morosidad_90d,personas_total,3.7487036351773217
2023-11-01,2023,11,banco_falabella,retail_financiero,morosidad_90d,total_colocaciones,4.079108427237165
2023-11-01,2023,11,banco_falabella,retail_financiero,morosidad_90d,vivienda,3.6625944286716097
2023-11-01,2023,11,banco_ripley,retail_financiero,morosidad_90d,adeudado_bancos,
2023-11-01,2023,11,banco_ripley,retail_financiero,morosidad_90d,comerciales,15.092124116894233
2023-11-01,2023,11,banco_ripley,retail_financiero,morosidad_90d,consumo,4.311560892487708
2023-11-01,2023,11,banco_ripley,retail_financiero,morosidad_90d,personas_total,6.257102322402821
2023-11-01,2023,11,banco_ripley,retail_financiero,morosidad_90d,total_colocaciones,6.273265051075488
2023-11-01,2023,11,banco_ripley,retail_financiero,morosidad_90d,vivienda,15.932146555424318
2023-11-01,2023,11,banco_santander_chile,banca_tradicional,morosidad_90d,adeudado_bancos,0.0
2023-11-01,2023,11,banco_santander_chile,banca_tradicional,morosidad_90d,comerciales,3.2093395668605735
2023-11-01,2023,11,banco_santander_chile,banca_tradicional,morosidad_90d,consumo,2.1179818726532007
2023-11-01,2023,11,banco_santander_chile,banca_tradicional,morosidad_90d,personas_total,1.7699759847449081
2023-11-01,2023,11,banco_santander_chile,banca_tradicional,morosidad_90d,total_colocaciones,2.4287328055149553
2023-11-01,2023,11,banco_santander_chile,banca_tradicional,morosidad_90d,vivienda,1.672301696673216
2023-12-01,2023,12,banco_bci,banca_tradicional,morosidad_90d,adeudado_bancos,0.0
2023-12-01,2023,12,banco_bci,banca_tradicional,morosidad_90d,comerciales,2.0460397296872848
2023-12-01,2023,12,banco_bci,banca_tradicional,morosidad_90d,consumo,2.4567856133373205
2023-12-01,2023,12,banco_bci,banca_tradicional,morosidad_90d,personas_total,1.6936197264451767
2023-12-01,2023,12,banco_bci,banca_tradicional,morosidad_90d,total_colocaciones,1.8686091186832574
2023-12-01,2023,12,banco_bci,banca_tradicional,morosidad_90d,vivienda,1.502306614644301
2023-12-01,2023,12,banco_de_chile,banca_tradicional,morosidad_90d,adeudado_bancos,0.0
2023-12-01,2023,12,banco_de_chile,banca_tradicional,morosidad_90d,comerciales,1.5315160629897948
2023-12-01,2023,12,banco_de_chile,banca_tradicional,morosidad_90d,consumo,1.8748568148415785
2023-12-01,2023,12,banco_de_chile,banca_tradicional,morosidad_90d,personas_total,1.3099183349155397
2023-12-01,2023,12,banco_de_chile,banca_tradicional,morosidad_90d,total_colocaciones,1.4119719561369617
2023-12-01,2023,12,banco_de_chile,banca_tradicional,morosidad_90d,vivienda,1.0662564414140543
2023-12-01,2023,12,banco_falabella,retail_financiero,morosidad_90d,adeudado_bancos,
2023-12-01,2023,12,banco_falabella,retail_financiero,morosidad_90d,comerciales,10.497987923527091
2023-12-01,2023,12,banco_falabella,retail_financiero,morosidad_90d,consumo,3.7017245366515144
2023-12-01,2023,12,banco_falabella,retail_financiero,morosidad_90d,personas_total,3.7443683020698955
2023-12-01,2023,12,banco_falabella,retail_financiero,morosidad_90d,total_colocaciones,4.093281561781732
2023-12-01,2023,12,banco_falabella,retail_financiero,morosidad_90d,vivienda,3.797161524246354
2023-12-01,2023,12,banco_ripley,retail_financiero,morosidad_90d,adeudado_bancos,
2023-12-01,2023,12,banco_ripley,retail_financiero,morosidad_90d,comerciales,15.710603672148855
2023-12-01,2023,12,banco_ripley,retail_financiero,morosidad_90d,consumo,4.294217705188396
2023-12-01,2023,12,banco_ripley,retail_financiero,morosidad_90d,personas_total,6.288687507275954
2023-12-01,2023,12,banco_ripley,retail_financiero,morosidad_90d,total_colocaciones,6.304874142694153
2023-12-01,2023,12,banco_ripley,retail_financiero,morosidad_90d,vivienda,16.352730947348753
2023-12-01,2023,12,banco_santander_chile,banca_tradicional,morosidad_90d,adeudado_bancos,0.0
2023-12-01,2023,12,banco_santander_chile,banca_tradicional,morosidad_90d,comerciales,3.1301622783009537
2023-12-01,2023,12,banco_santander_chile,banca_tradicional,morosidad_90d,consumo,2.158511096890309
2023-12-01,2023,12,banco_santander_chile,banca_tradicional,morosidad_90d,personas_total,1.4934810567675216
2023-12-01,2023,12,banco_santander_chile,banca_tradicional,morosidad_90d,total_colocaciones,2.240973485237643
2023-12-01,2023,12,banco_santander_chile,banca_tradicional,morosidad_90d,vivienda,1.307554989183305
2024-01-01,2024,1,banco_bci,banca_tradicional,morosidad_90d,adeudado_bancos,0.0
2024-01-01,2024,1,banco_bci,banca_tradicional,morosidad_90d,comerciales,2.009661425134207
2024-01-01,2024,1,banco_bci,banca_tradicional,morosidad_90d,consumo,2.693938820519124
2024-01-01,2024,1,banco_bci,banca_tradicional,morosidad_90d,personas_total,1.828678280567731
2024-01-01,2024,1,banco_bci,banca_tradicional,morosidad_90d,total_colocaciones,1.902796677783987
2024-01-01,2024,1,banco_bci,banca_tradicional,morosidad_90d,vivienda,1.6101563015532514
2024-01-01,2024,1,banco_de_chile,banca_tradicional,morosidad_90d,adeudado_bancos,0.0
2024-01-01,2024,1,banco_de_chile,banca_tradicional,morosidad_90d,comerciales,1.5700561374088096
2024-01-01,2024,1,banco_de_chile,banca_tradicional,morosidad_90d,consumo,2.0638841165391826
2024-01-01,2024,1,banco_de_chile,banca_tradicional,morosidad_90d,personas_total,1.400079947952093
2024-01-01,2024,1,banco_de_chile,banca_tradicional,morosidad_90d,total_colocaciones,1.4776443470910483
2024-01-01,2024,1,banco_de_chile,banca_tradicional,morosidad_90d,vivienda,1.1125553200273703
2024-01-01,2024,1,banco_falabella,retail_financiero,morosidad_90d,adeudado_bancos,
2024-01-01,2024,1,banco_falabella,retail_financiero,morosidad_90d,comerciales,10.731688327492625
2024-01-01,2024,1,banco_falabella,retail_financiero,morosidad_90d,consumo,3.6872696182124436
2024-01-01,2024,1,banco_falabella,retail_financiero,morosidad_90d,personas_total,3.774622717754381
2024-01-01,2024,1,banco_falabella,retail_financiero,morosidad_90d,total_colocaciones,4.135916225282516
2024-01-01,2024,1,banco_falabella,retail_financiero,morosidad_90d,vivienda,3.8817860577059164
2024-01-01,2024,1,banco_ripley,retail_financiero,morosidad_90d,adeudado_bancos,
2024-01-01,2024,1,banco_ripley,retail_financiero,morosidad_90d,comerciales,13.857617429323426
2024-01-01,2024,1,banco_ripley,retail_financiero,morosidad_90d,consumo,4.473604118477154
2024-01-01,2024,1,banco_ripley,retail_financiero,morosidad_90d,personas_total,6.395373487021383
2024-01-01,2024,1,banco_ripley,retail_financiero,morosidad_90d,total_colocaciones,6.407453479057342
2024-01-01,2024,1,banco_ripley,retail_financiero,morosidad_90d,vivienda,16.18002078726764
2024-01-01,2024,1,banco_santander_chile,banca_tradicional,morosidad_90d,adeudado_bancos,0.0
2024-01-01,2024,1,banco_santander_chile,banca_tradicional,morosidad_90d,comerciales,3.3530303851161922
2024-01-01,2024,1,banco_santander_chile,banca_tradicional,morosidad_90d,consumo,2.433197946029927
2024-01-01,2024,1,banco_santander_chile,banca_tradicional,morosidad_90d,personas_total,1.9973393734925897
2024-01-01,2024,1,banco_santander_chile,banca_tradicional,morosidad_90d,total_colocaciones,2.622069215191074
2024-01-01,2024,1,banco_santander_chile,banca_tradicional,morosidad_90d,vivienda,1.8755862103020455
2024-02-01,2024,2,banco_bci,banca_tradicional,morosidad_90d,adeudado_bancos,0.0
2024-02-01,2024,2,banco_bci,banca_tradicional,morosidad_90d,comerciales,2.023599537222241
2024-02-01,2024,2,banco_bci,banca_tradicional,morosidad_90d,consumo,2.899005187690283
2024-02-01,2024,2,banco_bci,banca_tradicional,morosidad_90d,personas_total,1.9485510613941779
2024-02-01,2024,2,banco_bci,banca_tradicional,morosidad_90d,total_colocaciones,1.9519923989652594
2024-02-01,2024,2,banco_bci,banca_tradicional,morosidad_90d,vivienda,1.7106467676862258
2024-02-01,2024,2,banco_de_chile,banca_tradicional,morosidad_90d,adeudado_bancos,0.0
2024-02-01,2024,2,banco_de_chile,banca_tradicional,morosidad_90d,comerciales,1.6063008346767509
2024-02-01,2024,2,banco_de_chile,banca_tradicional,morosidad_90d,consumo,2.0524729981082337
2024-02-01,2024,2,banco_de_chile,banca_tradicional,morosidad_90d,personas_total,1.408749902544343
2024-02-01,2024,2,banco_de_chile,banca_tradicional,morosidad_90d,total_colocaciones,1.5008639108697401
2024-02-01,2024,2,banco_de_chile,banca_tradicional,morosidad_90d,vivienda,1.134968484800693
2024-02-01,2024,2,banco_falabella,retail_financiero,morosidad_90d,adeudado_bancos,
2024-02-01,2024,2,banco_falabella,retail_financiero,morosidad_90d,comerciales,10.203017778090816
2024-02-01,2024,2,banco_falabella,retail_financiero,morosidad_90d,consumo,3.7329278939335615
2024-02-01,2024,2,banco_falabella,retail_financiero,morosidad_90d,personas_total,3.8086147310736074
2024-02-01,2024,2,banco_falabella,retail_financiero,morosidad_90d,total_colocaciones,4.13978222369509
2024-02-01,2024,2,banco_falabella,retail_financiero,morosidad_90d,vivienda,3.900051723919396
2024-02-01,2024,2,banco_ripley,retail_financiero,morosidad_90d,adeudado_bancos,
2024-02-01,2024,2,banco_ripley,retail_financiero,morosidad_90d,comerciales,13.651642120742142
2024-02-01,2024,2,banco_ripley,retail_financiero,morosidad_90d,consumo,4.792496871243451
2024-02-01,2024,2,banco_ripley,retail_financiero,morosidad_90d,personas_total,6.848668345980283
2024-02-01,2024,2,banco_ripley,retail_financiero,morosidad_90d,total_colocaciones,6.859359226254136
2024-02-01,2024,2,banco_ripley,retail_financiero,morosidad_90d,vivienda,17.200799510176495
2024-02-01,2024,2,banco_santander_chile,banca_tradicional,morosidad_90d,adeudado_bancos,0.0
2024-02-01,2024,2,banco_santander_chile,banca_tradicional,morosidad_90d,comerciales,3.5236368382404915
2024-02-01,2024,2,banco_santander_chile,banca_tradicional,morosidad_90d,consumo,2.463462190901171
2024-02-01,2024,2,banco_santander_chile,banca_tradicional,morosidad_90d,personas_total,2.1026301436825876
2024-02-01,2024,2,banco_santander_chile,banca_tradicional,morosidad_90d,total_colocaciones,2.7579804313227627
2024-02-01,2024,2,banco_santander_chile,banca_tradicional,morosidad_90d,vivienda,2.002982115927186
2024-03-01,2024,3,banco_bci,banca_tradicional,morosidad_90d,adeudado_bancos,0.0
2024-03-01,2024,3,banco_bci,banca_tradicional,morosidad_90d,comerciales,1.9588112503956325
2024-03-01,2024,3,banco_bci,banca_tradicional,morosidad_90d,consumo,2.94509523084872
2024-03-01,2024,3,banco_bci,banca_tradicional,morosidad_90d,personas_total,2.031937998894816
2024-03-01,2024,3,banco_bci,banca_tradicional,morosidad_90d,total_colocaciones,1.9455849886003878
2024-03-01,2024,3,banco_bci,banca_tradicional,morosidad_90d,vivienda,1.8056422312475784
2024-03-01,2024,3,banco_de_chile,banca_tradicional,morosidad_90d,adeudado_bancos,0.0
2024-03-01,2024,3,banco_de_chile,banca_tradicional,morosidad_90d,comerciales,1.5968937802919705
2024-03-01,2024,3,banco_de_chile,banca_tradicional,morosidad_90d,consumo,1.9613782531286374
2024-03-01,2024,3,banco_de_chile,banca_tradicional,morosidad_90d,personas_total,1.3938876737370542
2024-03-01,2024,3,banco_de_chile,banca_tradicional,morosidad_90d,total_colocaciones,1.4855968512017113
2024-03-01,2024,3,banco_de_chile,banca_tradicional,morosidad_90d,vivienda,1.15119313226293
2024-03-01,2024,3,banco_falabella,retail_financiero,morosidad_90d,adeudado_bancos,
2024-03-01,2024,3,banco_falabella,retail_financiero,morosidad_90d,comerciales,9.669728656164141
2024-03-01,2024,3,banco_falabella,retail_financiero,morosidad_90d,consumo,3.4827690262645246
2024-03-01,2024,3,banco_falabella,retail_financiero,morosidad_90d,personas_total,3.7280622804096537
2024-03-01,2024,3,banco_falabella,retail_financiero,morosidad_90d,total_colocaciones,4.039287845590999
2024-03-01,2024,3,banco_falabella,retail_financiero,morosidad_90d,vivienda,4.01818860032951
2024-03-01,2024,3,banco_ripley,retail_financiero,morosidad_90d,adeudado_bancos,
2024-03-01,2024,3,banco_ripley,retail_financiero,morosidad_90d,comerciales,17.364267061616072
2024-03-01,2024,3,banco_ripley,retail_financiero,morosidad_90d,consumo,4.610974640773825
2024-03-01,2024,3,banco_ripley,retail_financiero,morosidad_90d,personas_total,6.826118838055527
2024-03-01,2024,3,banco_ripley,retail_financiero,morosidad_90d,total_colocaciones,6.8425119219740935
2024-03-01,2024,3,banco_ripley,retail_financiero,morosidad_90d,vivienda,17.81672458713468
2024-03-01,2024,3,banco_santander_chile,banca_tradicional,morosidad_90d,adeudado_bancos,0.0
2024-03-01,2024,3,banco_santander_chile,banca_tradicional,morosidad_90d,comerciales,3.465622009348869
2024-03-01,2024,3,banco_santander_chile,banca_tradicional,morosidad_90d,consumo,2.3487503499767026
2024-03-01,2024,3,banco_santander_chile,banca_tradicional,morosidad_90d,personas_total,1.703876472569718
2024-03-01,2024,3,banco_santander_chile,banca_tradicional,morosidad_90d,total_colocaciones,2.5142406465178437
2024-03-01,2024,3,banco_santander_chile,banca_tradicional,morosidad_90d,vivienda,1.5250042808788773
2024-04-01,2024,4,banco_bci,banca_tradicional,morosidad_90d,adeudado_bancos,0.0
2024-04-01,2024,4,banco_bci,banca_tradicional,morosidad_90d,comerciales,2.1187240474619458
2024-04-01,2024,4,banco_bci,banca_tradicional,morosidad_90d,consumo,2.9873319542739623
2024-04-01,2024,4,banco_bci,banca_tradicional,morosidad_90d,personas_total,2.0394315416226703
2024-04-01,2024,4,banco_bci,banca_tradicional,morosidad_90d,total_colocaciones,2.042876814339153
2024-04-01,2024,4,banco_bci,banca_tradicional,morosidad_90d,vivienda,1.8057579331672875
2024-04-01,2024,4,banco_de_chile,banca_tradicional,morosidad_90d,adeudado_bancos,0.0
2024-04-01,2024,4,banco_de_chile,banca_tradicional,morosidad_90d,comerciales,1.637549235831874
2024-04-01,2024,4,banco_de_chile,banca_tradicional,morosidad_90d,consumo,1.8822956286875179
2024-04-01,2024,4,banco_de_chile,banca_tradicional,morosidad_90d,personas_total,1.3777643195847493
2024-04-01,2024,4,banco_de_chile,banca_tradicional,morosidad_90d,total_colocaciones,1.4923793409426467
2024-04-01,2024,4,banco_de_chile,banca_tradicional,morosidad_90d,vivienda,1.1618099336755152
2024-04-01,2024,4,banco_falabella,retail_financiero,morosidad_90d,adeudado_bancos,
2024-04-01,2024,4,banco_falabella,retail_financiero,morosidad_90d,comerciales,9.469894446946338
2024-04-01,2024,4,banco_falabella,retail_financiero,morosidad_90d,consumo,3.495192695741404
2024-04-01,2024,4,banco_falabella,retail_financiero,morosidad_90d,personas_total,3.726162135802849
2024-04-01,2024,4,banco_falabella,retail_financiero,morosidad_90d,total_colocaciones,4.029642489492395
2024-04-01,2024,4,banco_falabella,retail_financiero,morosidad_90d,vivienda,3.992662905385384
2024-04-01,2024,4,banco_ripley,retail_financiero,morosidad_90d,adeudado_bancos,
2024-04-01,2024,4,banco_ripley,retail_financiero,morosidad_90d,comerciales,17.197079820085808
2024-04-01,2024,4,banco_ripley,retail_financiero,morosidad_90d,consumo,4.589225480060029
2024-04-01,2024,4,banco_ripley,retail_financiero,morosidad_90d,personas_total,6.870805932091933
2024-04-01,2024,4,banco_ripley,retail_financiero,morosidad_90d,total_colocaciones,6.886291256400758
2024-04-01,2024,4,banco_ripley,retail_financiero,morosidad_90d,vivienda,18.112377484017916
2024-04-01,2024,4,banco_santander_chile,banca_tradicional,morosidad_90d,adeudado_bancos,0.0
2024-04-01,2024,4,banco_santander_chile,banca_tradicional,morosidad_90d,comerciales,3.4960889669779704
2024-04-01,2024,4,banco_santander_chile,banca_tradicional,morosidad_90d,consumo,2.2586468660211736
2024-04-01,2024,4,banco_santander_chile,banca_tradicional,morosidad_90d,personas_total,1.68569330599799
2024-04-01,2024,4,banco_santander_chile,banca_tradicional,morosidad_90d,total_colocaciones,2.51300817320088
2024-04-01,2024,4,banco_santander_chile,banca_tradicional,morosidad_90d,vivienda,1.5264098950772083
2024-05-01,2024,5,banco_bci,banca_tradicional,morosidad_90d,adeudado_bancos,0.0
2024-05-01,2024,5,banco_bci,banca_tradicional,morosidad_90d,comerciales,2.099019960961059
2024-05-01,2024,5,banco_bci,banca_tradicional,morosidad_90d,consumo,2.66863570637093
2024-05-01,2024,5,banco_bci,banca_tradicional,morosidad_90d,personas_total,2.0285989432656746
2024-05-01,2024,5,banco_bci,banca_tradicional,morosidad_90d,total_colocaciones,2.0336985434809614
2024-05-01,2024,5,banco_bci,banca_tradicional,morosidad_90d,vivienda,1.8736605309952985
2024-05-01,2024,5,banco_de_chile,banca_tradicional,morosidad_90d,adeudado_bancos,0.0
2024-05-01,2024,5,banco_de_chile,banca_tradicional,morosidad_90d,comerciales,1.6410730529223179
2024-05-01,2024,5,banco_de_chile,banca_tradicional,morosidad_90d,consumo,1.8517604694184249
2024-05-01,2024,5,banco_de_chile,banca_tradicional,morosidad_90d,personas_total,1.3768792801159517
2024-05-01,2024,5,banco_de_chile,banca_tradicional,morosidad_90d,total_colocaciones,1.4995580370884325
2024-05-01,2024,5,banco_de_chile,banca_tradicional,morosidad_90d,vivienda,1.1756727587685214
2024-05-01,2024,5,banco_falabella,retail_financiero,morosidad_90d,adeudado_bancos,
2024-05-01,2024,5,banco_falabella,retail_financiero,morosidad_90d,comerciales,9.29641923092803
2024-05-01,2024,5,banco_falabella,retail_financiero,morosidad_90d,consumo,3.523188242108322
2024-05-01,2024,5,banco_falabella,retail_financiero,morosidad_90d,personas_total,3.7396942509829545
2024-05-01,2024,5,banco_falabella,retail_financiero,morosidad_90d,total_colocaciones,4.034570243076213
2024-05-01,2024,5,banco_falabella,retail_financiero,morosidad_90d,vivienda,3.9823995705316633
2024-05-01,2024,5,banco_ripley,retail_financiero,morosidad_90d,adeudado_bancos,
2024-05-01,2024,5,banco_ripley,retail_financiero,morosidad_90d,comerciales,15.57290093757878
2024-05-01,2024,5,banco_ripley,retail_financiero,morosidad_90d,consumo,4.640579702091564
2024-05-01,2024,5,banco_ripley,retail_financiero,morosidad_90d,personas_total,7.044815673575055
2024-05-01,2024,5,banco_ripley,retail_financiero,morosidad_90d,total_colocaciones,7.057005610573764
2024-05-01,2024,5,banco_ripley,retail_financiero,morosidad_90d,vivienda,18.826072057446787
2024-05-01,2024,5,banco_santander_chile,banca_tradicional,morosidad_90d,adeudado_bancos,0.0
2024-05-01,2024,5,banco_santander_chile,banca_tradicional,morosidad_90d,comerciales,3.6239275414033325
2024-05-01,2024,5,banco_santander_chile,banca_tradicional,morosidad_90d,consumo,2.237187935728382
2024-05-01,2024,5,banco_santander_chile,banca_tradicional,morosidad_90d,personas_total,2.0918783576177846
2024-05-01,2024,5,banco_santander_chile,banca_tradicional,morosidad_90d,total_colocaciones,2.785685131112089
2024-05-01,2024,5,banco_santander_chile,banca_tradicional,morosidad_90d,vivienda,2.051919408768029
2024-06-01,2024,6,banco_bci,banca_tradicional,morosidad_90d,adeudado_bancos,0.0
2024-06-01,2024,6,banco_bci,banca_tradicional,morosidad_90d,comerciales,2.3588816156490418
2024-06-01,2024,6,banco_bci,banca_tradicional,morosidad_90d,consumo,2.941839590034192
2024-06-01,2024,6,banco_bci,banca_tradicional,morosidad_90d,personas_total,2.162038867166028
2024-06-01,2024,6,banco_bci,banca_tradicional,morosidad_90d,total_colocaciones,2.234373848366516
2024-06-01,2024,6,banco_bci,banca_tradicional,morosidad_90d,vivienda,1.9740748274451474
2024-06-01,2024,6,banco_de_chile,banca_tradicional,morosidad_90d,adeudado_bancos,0.0
2024-06-01,2024,6,banco_de_chile,banca_tradicional,morosidad_90d,comerciales,1.6000275316530044
2024-06-01,2024,6,banco_de_chile,banca_tradicional,morosidad_90d,consumo,1.7423796674766707
2024-06-01,2024,6,banco_de_chile,banca_tradicional,morosidad_90d,personas_total,1.3757080263526114
2024-06-01,2024,6,banco_de_chile,banca_tradicional,morosidad_90d,total_colocaciones,1.4665131521564532
2024-06-01,2024,6,banco_de_chile,banca_tradicional,morosidad_90d,vivienda,1.2216927735386254
2024-06-01,2024,6,banco_falabella,retail_financiero,morosidad_90d,adeudado_bancos,
2024-06-01,2024,6,banco_falabella,retail_financiero,morosidad_90d,comerciales,9.248301743704118
2024-06-01,2024,6,banco_falabella,retail_financiero,morosidad_90d,consumo,3.315425972741759
2024-06-01,2024,6,banco_falabella,retail_financiero,morosidad_90d,personas_total,3.6679047906482927
2024-06-01,2024,6,banco_falabella,retail_financiero,morosidad_90d,total_colocaciones,3.963618088689198
2024-06-01,2024,6,banco_falabella,retail_financiero,morosidad_90d,vivienda,4.0559213248641175
2024-06-01,2024,6,banco_ripley,retail_financiero,morosidad_90d,adeudado_bancos,
2024-06-01,2024,6,banco_ripley,retail_financiero,morosidad_90d,comerciales,15.019730502502286
2024-06-01,2024,6,banco_ripley,retail_financiero,morosidad_90d,consumo,4.608028013011261
2024-06-01,2024,6,banco_ripley,retail_financiero,morosidad_90d,personas_total,6.952107162889516
2024-06-01,2024,6,banco_ripley,retail_financiero,morosidad_90d,total_colocaciones,6.962504135766538
2024-06-01,2024,6,banco_ripley,retail_financiero,morosidad_90d,vivienda,18.536236754938493
2024-06-01,2024,6,banco_santander_chile,banca_tradicional,morosidad_90d,adeudado_bancos,0.0
2024-06-01,2024,6,banco_santander_chile,banca_tradicional,morosidad_90d,comerciales,3.640743035307593
2024-06-01,2024,6,banco_santander_chile,banca_tradicional,morosidad_90d,consumo,2.1530353180162844
2024-06-01,2024,6,banco_santander_chile,banca_tradicional,morosidad_90d,personas_total,1.7348408071612451
2024-06-01,2024,6,banco_santander_chile,banca_tradicional,morosidad_90d,total_colocaciones,2.5873166951632576
2024-06-01,2024,6,banco_santander_chile,banca_tradicional,morosidad_90d,vivienda,1.6202966971896493
2024-07-01,2024,7,banco_bci,banca_tradicional,morosidad_90d,adeudado_bancos,0.0
2024-07-01,2024,7,banco_bci,banca_tradicional,morosidad_90d,comerciales,2.479604541575809
2024-07-01,2024,7,banco_bci,banca_tradicional,morosidad_90d,consumo,2.733704012458253
2024-07-01,2024,7,banco_bci,banca_tradicional,morosidad_90d,personas_total,2.1500767929254354
2024-07-01,2024,7,banco_bci,banca_tradicional,morosidad_90d,total_colocaciones,2.2921611884500814
2024-07-01,2024,7,banco_bci,banca_tradicional,morosidad_90d,vivienda,2.0101953120608615
2024-07-01,2024,7,banco_de_chile,banca_tradicional,morosidad_90d,adeudado_bancos,0.0
2024-07-01,2024,7,banco_de_chile,banca_tradicional,morosidad_90d,comerciales,1.5600426250347503
2024-07-01,2024,7,banco_de_chile,banca_tradicional,morosidad_90d,consumo,1.8373917876698052
2024-07-01,2024,7,banco_de_chile,banca_tradicional,morosidad_90d,personas_total,1.4100447717944296
2024-07-01,2024,7,banco_de_chile,banca_tradicional,morosidad_90d,total_colocaciones,1.4668340661315529
2024-07-01,2024,7,banco_de_chile,banca_tradicional,morosidad_90d,vivienda,1.2310254025040266
2024-07-01,2024,7,banco_falabella,retail_financiero,morosidad_90d,adeudado_bancos,
2024-07-01,2024,7,banco_falabella,retail_financiero,morosidad_90d,comerciales,8.956243306039186
2024-07-01,2024,7,banco_falabella,retail_financiero,morosidad_90d,consumo,3.2724289332594734
2024-07-01,2024,7,banco_falabella,retail_financiero,morosidad_90d,personas_total,3.608213606920957
2024-07-01,2024,7,banco_falabella,retail_financiero,morosidad_90d,total_colocaciones,3.8879199312147215
2024-07-01,2024,7,banco_falabella,retail_financiero,morosidad_90d,vivienda,3.973845710039541
2024-07-01,2024,7,banco_ripley,retail_financiero,morosidad_90d,adeudado_bancos,
2024-07-01,2024,7,banco_ripley,retail_financiero,morosidad_90d,comerciales,18.65976989124274
2024-07-01,2024,7,banco_ripley,retail_financiero,morosidad_90d,consumo,4.248956181463879
2024-07-01,2024,7,banco_ripley,retail_financiero,morosidad_90d,personas_total,6.564318668417619
2024-07-01,2024,7,banco_ripley,retail_financiero,morosidad_90d,total_colocaciones,6.5792490512767525
2024-07-01,2024,7,banco_ripley,retail_financiero,morosidad_90d,vivienda,18.266053727152144
2024-07-01,2024,7,banco_santander_chile,banca_tradicional,morosidad_90d,adeudado_bancos,0.0
2024-07-01,2024,7,banco_santander_chile,banca_tradicional,morosidad_90d,comerciales,3.7374627717228655
2024-07-01,2024,7,banco_santander_chile,banca_tradicional,morosidad_90d,consumo,2.2315908054855296
2024-07-01,2024,7,banco_santander_chile,banca_tradicional,morosidad_90d,personas_total,2.205144440030412
2024-07-01,2024,7,banco_santander_chile,banca_tradicional,morosidad_90d,total_colocaciones,2.889425521085485
2024-07-01,2024,7,banco_santander_chile,banca_tradicional,morosidad_90d,vivienda,2.1978711840116154
2024-08-01,2024,8,banco_bci,banca_tradicional,morosidad_90d,adeudado_bancos,0.0
2024-08-01,2024,8,banco_bci,banca_tradicional,morosidad_90d,comerciales,2.4954311022438462
2024-08-01,2024,8,banco_bci,banca_tradicional,morosidad_90d,consumo,2.365413849748808
2024-08-01,2024,8,banco_bci,banca_tradicional,morosidad_90d,personas_total,2.120023509653568
2024-08-01,2024,8,banco_bci,banca_tradicional,morosidad_90d,total_colocaciones,2.295099957727813
2024-08-01,2024,8,banco_bci,banca_tradicional,morosidad_90d,vivienda,2.0620972793562857
2024-08-01,2024,8,banco_de_chile,banca_tradicional,morosidad_90d,adeudado_bancos,0.0
2024-08-01,2024,8,banco_de_chile,banca_tradicional,morosidad_90d,comerciales,1.4806056964225753
2024-08-01,2024,8,banco_de_chile,banca_tradicional,morosidad_90d,consumo,1.7435218113651931
2024-08-01,2024,8,banco_de_chile,banca_tradicional,morosidad_90d,personas_total,1.3935368048189591
2024-08-01,2024,8,banco_de_chile,banca_tradicional,morosidad_90d,total_colocaciones,1.4172268134415733
2024-08-01,2024,8,banco_de_chile,banca_tradicional,morosidad_90d,vivienda,1.2468222853485003
2024-08-01,2024,8,banco_falabella,retail_financiero,morosidad_90d,adeudado_bancos,
2024-08-01,2024,8,banco_falabella,retail_financiero,morosidad_90d,comerciales,8.579215355622587
2024-08-01,2024,8,banco_falabella,retail_financiero,morosidad_90d,consumo,3.0679523164357403
2024-08-01,2024,8,banco_falabella,retail_financiero,morosidad_90d,personas_total,3.5304483768246673
2024-08-01,2024,8,banco_falabella,retail_financiero,morosidad_90d,total_colocaciones,3.791839597921154
2024-08-01,2024,8,banco_falabella,retail_financiero,morosidad_90d,vivienda,4.039667680492661
2024-08-01,2024,8,banco_ripley,retail_financiero,morosidad_90d,adeudado_bancos,
2024-08-01,2024,8,banco_ripley,retail_financiero,morosidad_90d,comerciales,18.347908816348074
2024-08-01,2024,8,banco_ripley,retail_financiero,morosidad_90d,consumo,4.0168834830081686
2024-08-01,2024,8,banco_ripley,retail_financiero,morosidad_90d,personas_total,6.352084023770794
2024-08-01,2024,8,banco_ripley,retail_financiero,morosidad_90d,total_colocaciones,6.3665111298594885
2024-08-01,2024,8,banco_ripley,retail_financiero,morosidad_90d,vivienda,18.29737232348381
2024-08-01,2024,8,banco_santander_chile,banca_tradicional,morosidad_90d,adeudado_bancos,0.0
2024-08-01,2024,8,banco_santander_chile,banca_tradicional,morosidad_90d,comerciales,3.8101299724924274
2024-08-01,2024,8,banco_santander_chile,banca_tradicional,morosidad_90d,consumo,2.1681395696599917
2024-08-01,2024,8,banco_santander_chile,banca_tradicional,morosidad_90d,personas_total,2.224648431788752
2024-08-01,2024,8,banco_santander_chile,banca_tradicional,morosidad_90d,total_colocaciones,2.924210157316047
2024-08-01,2024,8,banco_santander_chile,banca_tradicional,morosidad_90d,vivienda,2.240120185169056
2024-09-01,2024,9,banco_bci,banca_tradicional,morosidad_90d,adeudado_bancos,0.0
2024-09-01,2024,9,banco_bci,banca_tradicional,morosidad_90d,comerciales,2.5920687316054725
2024-09-01,2024,9,banco_bci,banca_tradicional,morosidad_90d,consumo,2.53258263614844
2024-09-01,2024,9,banco_bci,banca_tradicional,morosidad_90d,personas_total,2.198708906831735
2024-09-01,2024,9,banco_bci,banca_tradicional,morosidad_90d,total_colocaciones,2.3793451994210604
2024-09-01,2024,9,banco_bci,banca_tradicional,morosidad_90d,vivienda,2.120491116336731
2024-09-01,2024,9,banco_de_chile,banca_tradicional,morosidad_90d,adeudado_bancos,0.0
2024-09-01,2024,9,banco_de_chile,banca_tradicional,morosidad_90d,comerciales,1.5075329906713322
2024-09-01,2024,9,banco_de_chile,banca_tradicional,morosidad_90d,consumo,1.9422527546446051
2024-09-01,2024,9,banco_de_chile,banca_tradicional,morosidad_90d,personas_total,1.4519657399638524
2024-09-01,2024,9,banco_de_chile,banca_tradicional,morosidad_90d,total_colocaciones,1.4581760267853787
2024-09-01,2024,9,banco_de_chile,banca_tradicional,morosidad_90d,vivienda,1.2489060873769877
2024-09-01,2024,9,banco_falabella,retail_financiero,morosidad_90d,adeudado_bancos,
2024-09-01,2024,9,banco_falabella,retail_financiero,morosidad_90d,comerciales,8.454260784116387
2024-09-01,2024,9,banco_falabella,retail_financiero,morosidad_90d,consumo,3.045320576421386
2024-09-01,2024,9,banco_falabella,retail_financiero,morosidad_90d,personas_total,3.50628893815211
2024-09-01,2024,9,banco_falabella,retail_financiero,morosidad_90d,total_colocaciones,3.764364276865107
2024-09-01,2024,9,banco_falabella,retail_financiero,morosidad_90d,vivienda,4.014399842817786
2024-09-01,2024,9,banco_ripley,retail_financiero,morosidad_90d,adeudado_bancos,
2024-09-01,2024,9,banco_ripley,retail_financiero,morosidad_90d,comerciales,23.327036798409416
2024-09-01,2024,9,banco_ripley,retail_financiero,morosidad_90d,consumo,3.605402271140866
2024-09-01,2024,9,banco_ripley,retail_financiero,morosidad_90d,personas_total,6.146844223626136
2024-09-01,2024,9,banco_ripley,retail_financiero,morosidad_90d,total_colocaciones,6.166879144580413
2024-09-01,2024,9,banco_ripley,retail_financiero,morosidad_90d,vivienda,19.397842900271044
2024-09-01,2024,9,banco_santander_chile,banca_tradicional,morosidad_90d,adeudado_bancos,0.0
2024-09-01,2024,9,banco_santander_chile,banca_tradicional,morosidad_90d,comerciales,3.921118413891793
2024-09-01,2024,9,banco_santander_chile,banca_tradicional,morosidad_90d,consumo,2.3285536582448163
2024-09-01,2024,9,banco_santander_chile,banca_tradicional,morosidad_90d,personas_total,2.3837329951273802
2024-09-01,2024,9,banco_santander_chile,banca_tradicional,morosidad_90d,total_colocaciones,3.0627329679448816
2024-09-01,2024,9,banco_santander_chile,banca_tradicional,morosidad_90d,vivienda,2.3987558298678695
2024-10-01,2024,10,banco_bci,banca_tradicional,morosidad_90d,adeudado_bancos,0.0
2024-10-01,2024,10,banco_bci,banca_tradicional,morosidad_90d,comerciales,2.5089988027639585
2024-10-01,2024,10,banco_bci,banca_tradicional,morosidad_90d,consumo,2.5351217518369853
2024-10-01,2024,10,banco_bci,banca_tradicional,morosidad_90d,personas_total,2.2179984154461385
2024-10-01,2024,10,banco_bci,banca_tradicional,morosidad_90d,total_colocaciones,2.3199422093882753
2024-10-01,2024,10,banco_bci,banca_tradicional,morosidad_90d,vivienda,2.143695519495469
2024-10-01,2024,10,banco_de_chile,banca_tradicional,morosidad_90d,adeudado_bancos,0.0
2024-10-01,2024,10,banco_de_chile,banca_tradicional,morosidad_90d,comerciales,1.4960672144804374
2024-10-01,2024,10,banco_de_chile,banca_tradicional,morosidad_90d,consumo,1.8594328315219588
2024-10-01,2024,10,banco_de_chile,banca_tradicional,morosidad_90d,personas_total,1.4346614305736913
2024-10-01,2024,10,banco_de_chile,banca_tradicional,morosidad_90d,total_colocaciones,1.4457450465143742
2024-10-01,2024,10,banco_de_chile,banca_tradicional,morosidad_90d,vivienda,1.2581502532372328
2024-10-01,2024,10,banco_falabella,retail_financiero,morosidad_90d,adeudado_bancos,
2024-10-01,2024,10,banco_falabella,retail_financiero,morosidad_90d,comerciales,7.378676594847231
2024-10-01,2024,10,banco_falabella,retail_financiero,morosidad_90d,consumo,2.877684320051879
2024-10-01,2024,10,banco_falabella,retail_financiero,morosidad_90d,personas_total,3.5849128243112482
2024-10-01,2024,10,banco_falabella,retail_financiero,morosidad_90d,total_colocaciones,3.7757403969645216
2024-10-01,2024,10,banco_falabella,retail_financiero,morosidad_90d,vivienda,4.3865202229082785
2024-10-01,2024,10,banco_ripley,retail_financiero,morosidad_90d,adeudado_bancos,
2024-10-01,2024,10,banco_ripley,retail_financiero,morosidad_90d,comerciales,22.248602960577443
2024-10-01,2024,10,banco_ripley,retail_financiero,morosidad_90d,consumo,3.2234192237443167
2024-10-01,2024,10,banco_ripley,retail_financiero,morosidad_90d,personas_total,5.929012537690269
2024-10-01,2024,10,banco_ripley,retail_financiero,morosidad_90d,total_colocaciones,5.946934713831357
2024-10-01,2024,10,banco_ripley,retail_financiero,morosidad_90d,vivienda,20.52014470396152
2024-10-01,2024,10,banco_santander_chile,banca_tradicional,morosidad_90d,adeudado_bancos,0.0
2024-10-01,2024,10,banco_santander_chile,banca_tradicional,morosidad_90d,comerciales,3.943727901406567
2024-10-01,2024,10,banco_santander_chile,banca_tradicional,morosidad_90d,consumo,2.2472435458936824
2024-10-01,2024,10,banco_santander_chile,banca_tradicional,morosidad_90d,personas_total,2.404563473050943
2024-10-01,2024,10,banco_santander_chile,banca_tradicional,morosidad_90d,total_colocaciones,3.088733808117455
2024-10-01,2024,10,banco_santander_chile,banca_tradicional,morosidad_90d,vivienda,2.4478901910475144
2024-11-01,2024,11,banco_bci,banca_tradicional,morosidad_90d,adeudado_bancos,0.0
2024-11-01,2024,11,banco_bci,banca_tradicional,morosidad_90d,comerciales,2.4394811274948456
2024-11-01,2024,11,banco_bci,banca_tradicional,morosidad_90d,consumo,2.4617998950457145
2024-11-01,2024,11,banco_bci,banca_tradicional,morosidad_90d,personas_total,2.2445788374132647
2024-11-01,2024,11,banco_bci,banca_tradicional,morosidad_90d,total_colocaciones,2.3104237083463075
2024-11-01,2024,11,banco_bci,banca_tradicional,morosidad_90d,vivienda,2.1934221943657195
2024-11-01,2024,11,banco_de_chile,banca_tradicional,morosidad_90d,adeudado_bancos,0.0
2024-11-01,2024,11,banco_de_chile,banca_tradicional,morosidad_90d,comerciales,1.4709363787154488
2024-11-01,2024,11,banco_de_chile,banca_tradicional,morosidad_90d,consumo,1.8156385298578035
2024-11-01,2024,11,banco_de_chile,banca_tradicional,morosidad_90d,personas_total,1.4498198422965969
2024-11-01,2024,11,banco_de_chile,banca_tradicional,morosidad_90d,total_colocaciones,1.4368175174319162
2024-11-01,2024,11,banco_de_chile,banca_tradicional,morosidad_90d,vivienda,1.2976103580522667
2024-11-01,2024,11,banco_falabella,retail_financiero,morosidad_90d,adeudado_bancos,
2024-11-01,2024,11,banco_falabella,retail_financiero,morosidad_90d,comerciales,7.325700259851277
2024-11-01,2024,11,banco_falabella,retail_financiero,morosidad_90d,consumo,2.7121957646694637
2024-11-01,2024,11,banco_falabella,retail_financiero,morosidad_90d,personas_total,3.5026887731398633
2024-11-01,2024,11,banco_falabella,retail_financiero,morosidad_90d,total_colocaciones,3.6923235564706576
2024-11-01,2024,11,banco_falabella,retail_financiero,morosidad_90d,vivienda,4.41232180085333
2024-11-01,2024,11,banco_ripley,retail_financiero,morosidad_90d,adeudado_bancos,
2024-11-01,2024,11,banco_ripley,retail_financiero,morosidad_90d,comerciales,22.159746131929776
2024-11-01,2024,11,banco_ripley,retail_financiero,morosidad_90d,consumo,3.285762916018843
2024-11-01,2024,11,banco_ripley,retail_financiero,morosidad_90d,personas_total,6.025955681619215
2024-11-01,2024,11,banco_ripley,retail_financiero,morosidad_90d,total_colocaciones,6.042965726403381
2024-11-01,2024,11,banco_ripley,retail_financiero,morosidad_90d,vivienda,21.154216550918793
2024-11-01,2024,11,banco_santander_chile,banca_tradicional,morosidad_90d,adeudado_bancos,0.0
2024-11-01,2024,11,banco_santander_chile,banca_tradicional,morosidad_90d,comerciales,3.6874078508181105
2024-11-01,2024,11,banco_santander_chile,banca_tradicional,morosidad_90d,consumo,2.2433780510148615
2024-11-01,2024,11,banco_santander_chile,banca_tradicional,morosidad_90d,personas_total,1.9652124162795552
2024-11-01,2024,11,banco_santander_chile,banca_tradicional,morosidad_90d,total_colocaciones,2.7349528381634833
2024-11-01,2024,11,banco_santander_chile,banca_tradicional,morosidad_90d,vivienda,1.8878989756907656
2024-12-01,2024,12,banco_bci,banca_tradicional,morosidad_90d,adeudado_bancos,0.0
2024-12-01,2024,12,banco_bci,banca_tradicional,morosidad_90d,comerciales,2.285855394192001
2024-12-01,2024,12,banco_bci,banca_tradicional,morosidad_90d,consumo,2.189045143016239
2024-12-01,2024,12,banco_bci,banca_tradicional,morosidad_90d,personas_total,2.2578914448670764
2024-12-01,2024,12,banco_bci,banca_tradicional,morosidad_90d,total_colocaciones,2.223630620581277
2024-12-01,2024,12,banco_bci,banca_tradicional,morosidad_90d,vivienda,2.274089434159119
2024-12-01,2024,12,banco_de_chile,banca_tradicional,morosidad_90d,adeudado_bancos,0.0
2024-12-01,2024,12,banco_de_chile,banca_tradicional,morosidad_90d,comerciales,1.3993717038267917
2024-12-01,2024,12,banco_de_chile,banca_tradicional,morosidad_90d,consumo,1.8533420782558607
2024-12-01,2024,12,banco_de_chile,banca_tradicional,morosidad_90d,personas_total,1.488381614103877
2024-12-01,2024,12,banco_de_chile,banca_tradicional,morosidad_90d,total_colocaciones,1.4179743555380642
2024-12-01,2024,12,banco_de_chile,banca_tradicional,morosidad_90d,vivienda,1.3351120427955145
2024-12-01,2024,12,banco_falabella,retail_financiero,morosidad_90d,adeudado_bancos,
2024-12-01,2024,12,banco_falabella,retail_financiero,morosidad_90d,comerciales,6.5912538226854664
2024-12-01,2024,12,banco_falabella,retail_financiero,morosidad_90d,consumo,2.6890189187732023
2024-12-01,2024,12,banco_falabella,retail_financiero,morosidad_90d,personas_total,3.5406239946141214
2024-12-01,2024,12,banco_falabella,retail_financiero,morosidad_90d,total_colocaciones,3.689331146060133
2024-12-01,2024,12,banco_falabella,retail_financiero,morosidad_90d,vivienda,4.524817992274909
2024-12-01,2024,12,banco_ripley,retail_financiero,morosidad_90d,adeudado_bancos,
2024-12-01,2024,12,banco_ripley,retail_financiero,morosidad_90d,comerciales,22.102842572219135
2024-12-01,2024,12,banco_ripley,retail_financiero,morosidad_90d,consumo,3.2257509603343206
2024-12-01,2024,12,banco_ripley,retail_financiero,morosidad_90d,personas_total,5.926572760228782
2024-12-01,2024,12,banco_ripley,retail_financiero,morosidad_90d,total_colocaciones,5.942624540083667
2024-12-01,2024,12,banco_ripley,retail_financiero,morosidad_90d,vivienda,21.563409500766543
2024-12-01,2024,12,banco_santander_chile,banca_tradicional,morosidad_90d,adeudado_bancos,0.0
2024-12-01,2024,12,banco_santander_chile,banca_tradicional,morosidad_90d,comerciales,3.911217641777034
2024-12-01,2024,12,banco_santander_chile,banca_tradicional,morosidad_90d,consumo,2.28716506934792
2024-12-01,2024,12,banco_santander_chile,banca_tradicional,morosidad_90d,personas_total,2.5147219186029197
2024-12-01,2024,12,banco_santander_chile,banca_tradicional,morosidad_90d,total_colocaciones,3.1420095781486683
2024-12-01,2024,12,banco_santander_chile,banca_tradicional,morosidad_90d,vivienda,2.579047636696557
2025-01-01,2025,1,banco_bci,banca_tradicional,morosidad_90d,adeudado_bancos,0.0
2025-01-01,2025,1,banco_bci,banca_tradicional,morosidad_90d,comerciales,2.330309434258391
2025-01-01,2025,1,banco_bci,banca_tradicional,morosidad_90d,consumo,2.0631026977290325
2025-01-01,2025,1,banco_bci,banca_tradicional,morosidad_90d,personas_total,2.1992589057423197
2025-01-01,2025,1,banco_bci,banca_tradicional,morosidad_90d,total_colocaciones,2.2226912228742832
2025-01-01,2025,1,banco_bci,banca_tradicional,morosidad_90d,vivienda,2.231235911238433
2025-01-01,2025,1,banco_de_chile,banca_tradicional,morosidad_90d,adeudado_bancos,0.0
2025-01-01,2025,1,banco_de_chile,banca_tradicional,morosidad_90d,comerciales,1.3875908177532263
2025-01-01,2025,1,banco_de_chile,banca_tradicional,morosidad_90d,consumo,1.7558741962958755
2025-01-01,2025,1,banco_de_chile,banca_tradicional,morosidad_90d,personas_total,1.4865411469693999
2025-01-01,2025,1,banco_de_chile,banca_tradicional,morosidad_90d,total_colocaciones,1.421344387517315
2025-01-01,2025,1,banco_de_chile,banca_tradicional,morosidad_90d,vivienda,1.3741285861694637
2025-01-01,2025,1,banco_falabella,retail_financiero,morosidad_90d,adeudado_bancos,
2025-01-01,2025,1,banco_falabella,retail_financiero,morosidad_90d,comerciales,6.336340378620707
2025-01-01,2025,1,banco_falabella,retail_financiero,morosidad_90d,consumo,2.4907246555176576
2025-01-01,2025,1,banco_falabella,retail_financiero,morosidad_90d,personas_total,3.4213436034205653
2025-01-01,2025,1,banco_falabella,retail_financiero,morosidad_90d,total_colocaciones,3.560993656477672
2025-01-01,2025,1,banco_falabella,retail_financiero,morosidad_90d,vivienda,4.511198231204896
2025-01-01,2025,1,banco_ripley,retail_financiero,morosidad_90d,adeudado_bancos,
2025-01-01,2025,1,banco_ripley,retail_financiero,morosidad_90d,comerciales,18.540254401409523
2025-01-01,2025,1,banco_ripley,retail_financiero,morosidad_90d,consumo,3.265141541100536
2025-01-01,2025,1,banco_ripley,retail_financiero,morosidad_90d,personas_total,5.914080389630119
2025-01-01,2025,1,banco_ripley,retail_financiero,morosidad_90d,total_colocaciones,5.925779035887983
2025-01-01,2025,1,banco_ripley,retail_financiero,morosidad_90d,vivienda,21.937828949587118
2025-01-01,2025,1,banco_santander_chile,banca_tradicional,morosidad_90d,adeudado_bancos,0.0
2025-01-01,2025,1,banco_santander_chile,banca_tradicional,morosidad_90d,comerciales,3.907366645480991
2025-01-01,2025,1,banco_santander_chile,banca_tradicional,morosidad_90d,consumo,2.3514171235764687
2025-01-01,2025,1,banco_santander_chile,banca_tradicional,morosidad_90d,personas_total,2.5549848416185963
2025-01-01,2025,1,banco_santander_chile,banca_tradicional,morosidad_90d,total_colocaciones,3.1612882255607246
2025-01-01,2025,1,banco_santander_chile,banca_tradicional,morosidad_90d,vivienda,2.6124403229190354
2025-02-01,2025,2,banco_bci,banca_tradicional,morosidad_90d,adeudado_bancos,0.0
2025-02-01,2025,2,banco_bci,banca_tradicional,morosidad_90d,comerciales,2.1289023987510447
2025-02-01,2025,2,banco_bci,banca_tradicional,morosidad_90d,consumo,2.2765582545443768
2025-02-01,2025,2,banco_bci,banca_tradicional,morosidad_90d,personas_total,2.2783448216101077
2025-02-01,2025,2,banco_bci,banca_tradicional,morosidad_90d,total_colocaciones,2.1538792246230187
2025-02-01,2025,2,banco_bci,banca_tradicional,morosidad_90d,vivienda,2.278760838508343
2025-02-01,2025,2,banco_de_chile,banca_tradicional,morosidad_90d,adeudado_bancos,0.0
2025-02-01,2025,2,banco_de_chile,banca_tradicional,morosidad_90d,comerciales,1.4308782631596657
2025-02-01,2025,2,banco_de_chile,banca_tradicional,morosidad_90d,consumo,1.770970439907739
2025-02-01,2025,2,banco_de_chile,banca_tradicional,morosidad_90d,personas_total,1.5105906197300842
2025-02-01,2025,2,banco_de_chile,banca_tradicional,morosidad_90d,total_colocaciones,1.454017727526334
2025-02-01,2025,2,banco_de_chile,banca_tradicional,morosidad_90d,vivienda,1.4049138365306424
2025-02-01,2025,2,banco_falabella,retail_financiero,morosidad_90d,adeudado_bancos,
2025-02-01,2025,2,banco_falabella,retail_financiero,morosidad_90d,comerciales,6.286161476810465
2025-02-01,2025,2,banco_falabella,retail_financiero,morosidad_90d,consumo,2.4264726754176142
2025-02-01,2025,2,banco_falabella,retail_financiero,morosidad_90d,personas_total,3.4460579058835954
2025-02-01,2025,2,banco_falabella,retail_financiero,morosidad_90d,total_colocaciones,3.5811840118875478
2025-02-01,2025,2,banco_falabella,retail_financiero,morosidad_90d,vivienda,4.637615272488256
2025-02-01,2025,2,banco_ripley,retail_financiero,morosidad_90d,adeudado_bancos,
2025-02-01,2025,2,banco_ripley,retail_financiero,morosidad_90d,comerciales,18.635218564381322
2025-02-01,2025,2,banco_ripley,retail_financiero,morosidad_90d,consumo,3.060936192637501
2025-02-01,2025,2,banco_ripley,retail_financiero,morosidad_90d,personas_total,5.711501074562938
2025-02-01,2025,2,banco_ripley,retail_financiero,morosidad_90d,total_colocaciones,5.722838587975299
2025-02-01,2025,2,banco_ripley,retail_financiero,morosidad_90d,vivienda,22.37765620507779
2025-02-01,2025,2,banco_santander_chile,banca_tradicional,morosidad_90d,adeudado_bancos,0.0
2025-02-01,2025,2,banco_santander_chile,banca_tradicional,morosidad_90d,comerciales,3.7898342755428507
2025-02-01,2025,2,banco_santander_chile,banca_tradicional,morosidad_90d,consumo,2.4076988533251296
2025-02-01,2025,2,banco_santander_chile,banca_tradicional,morosidad_90d,personas_total,2.16727587788199
2025-02-01,2025,2,banco_santander_chile,banca_tradicional,morosidad_90d,total_colocaciones,2.88965283710963
2025-02-01,2025,2,banco_santander_chile,banca_tradicional,morosidad_90d,vivienda,2.1005648956704888
2025-03-01,2025,3,banco_bci,banca_tradicional,morosidad_90d,adeudado_bancos,0.0
2025-03-01,2025,3,banco_bci,banca_tradicional,morosidad_90d,comerciales,1.9919516142249702
2025-03-01,2025,3,banco_bci,banca_tradicional,morosidad_90d,consumo,2.2121438780154885
2025-03-01,2025,3,banco_bci,banca_tradicional,morosidad_90d,personas_total,2.2353018825401687
2025-03-01,2025,3,banco_bci,banca_tradicional,morosidad_90d,total_colocaciones,2.060845193632042
2025-03-01,2025,3,banco_bci,banca_tradicional,morosidad_90d,vivienda,2.240711362742825
2025-03-01,2025,3,banco_de_chile,banca_tradicional,morosidad_90d,adeudado_bancos,0.0
2025-03-01,2025,3,banco_de_chile,banca_tradicional,morosidad_90d,comerciales,1.3881803115724851
2025-03-01,2025,3,banco_de_chile,banca_tradicional,morosidad_90d,consumo,1.7148008554058782
2025-03-01,2025,3,banco_de_chile,banca_tradicional,morosidad_90d,personas_total,1.5181662269440532
2025-03-01,2025,3,banco_de_chile,banca_tradicional,morosidad_90d,total_colocaciones,1.4293105326795024
2025-03-01,2025,3,banco_de_chile,banca_tradicional,morosidad_90d,vivienda,1.437348628167808
2025-03-01,2025,3,banco_falabella,retail_financiero,morosidad_90d,adeudado_bancos,
2025-03-01,2025,3,banco_falabella,retail_financiero,morosidad_90d,comerciales,6.085184158722197
2025-03-01,2025,3,banco_falabella,retail_financiero,morosidad_90d,consumo,2.286457575871524
2025-03-01,2025,3,banco_falabella,retail_financiero,morosidad_90d,personas_total,3.3494343583830184
2025-03-01,2025,3,banco_falabella,retail_financiero,morosidad_90d,total_colocaciones,3.477893282126662
2025-03-01,2025,3,banco_falabella,retail_financiero,morosidad_90d,vivienda,4.59903585875305
2025-03-01,2025,3,banco_ripley,retail_financiero,morosidad_90d,adeudado_bancos,
2025-03-01,2025,3,banco_ripley,retail_financiero,morosidad_90d,comerciales,18.886140087741527
2025-03-01,2025,3,banco_ripley,retail_financiero,morosidad_90d,consumo,2.730830566960696
2025-03-01,2025,3,banco_ripley,retail_financiero,morosidad_90d,personas_total,5.40371403593332
2025-03-01,2025,3,banco_ripley,retail_financiero,morosidad_90d,total_colocaciones,5.414574575072276
2025-03-01,2025,3,banco_ripley,retail_financiero,morosidad_90d,vivienda,22.770218762059116
2025-03-01,2025,3,banco_santander_chile,banca_tradicional,morosidad_90d,adeudado_bancos,0.0
2025-03-01,2025,3,banco_santander_chile,banca_tradicional,morosidad_90d,comerciales,3.7630552575075433
2025-03-01,2025,3,banco_santander_chile,banca_tradicional,morosidad_90d,consumo,2.3356615951030655
2025-03-01,2025,3,banco_santander_chile,banca_tradicional,morosidad_90d,personas_total,2.1698415406159044
2025-03-01,2025,3,banco_santander_chile,banca_tradicional,morosidad_90d,total_colocaciones,2.8835120612839225
2025-03-01,2025,3,banco_santander_chile,banca_tradicional,morosidad_90d,vivienda,2.1236049335348492
2025-04-01,2025,4,banco_bci,banca_tradicional,morosidad_90d,adeudado_bancos,0.0
2025-04-01,2025,4,banco_bci,banca_tradicional,morosidad_90d,comerciales,1.9412224679113799
2025-04-01,2025,4,banco_bci,banca_tradicional,morosidad_90d,consumo,2.304922406911573
2025-04-01,2025,4,banco_bci,banca_tradicional,morosidad_90d,personas_total,2.2431723708130336
2025-04-01,2025,4,banco_bci,banca_tradicional,morosidad_90d,total_colocaciones,2.0310917199000618
2025-04-01,2025,4,banco_bci,banca_tradicional,morosidad_90d,vivienda,2.228666449475505
2025-04-01,2025,4,banco_de_chile,banca_tradicional,morosidad_90d,adeudado_bancos,0.0
2025-04-01,2025,4,banco_de_chile,banca_tradicional,morosidad_90d,comerciales,1.3781496825142598
2025-04-01,2025,4,banco_de_chile,banca_tradicional,morosidad_90d,consumo,1.723778828721916
2025-04-01,2025,4,banco_de_chile,banca_tradicional,morosidad_90d,personas_total,1.5105484473380064
2025-04-01,2025,4,banco_de_chile,banca_tradicional,morosidad_90d,total_colocaciones,1.4215885192585713
2025-04-01,2025,4,banco_de_chile,banca_tradicional,morosidad_90d,vivienda,1.4230681555776048
2025-04-01,2025,4,banco_falabella,retail_financiero,morosidad_90d,adeudado_bancos,
2025-04-01,2025,4,banco_falabella,retail_financiero,morosidad_90d,comerciales,5.806216663468542
2025-04-01,2025,4,banco_falabella,retail_financiero,morosidad_90d,consumo,2.2504754166549845
2025-04-01,2025,4,banco_falabella,retail_financiero,morosidad_90d,personas_total,3.382348568531891
2025-04-01,2025,4,banco_falabella,retail_financiero,morosidad_90d,total_colocaciones,3.495619228780512
2025-04-01,2025,4,banco_falabella,retail_financiero,morosidad_90d,vivienda,4.717100743232913
2025-04-01,2025,4,banco_ripley,retail_financiero,morosidad_90d,adeudado_bancos,
2025-04-01,2025,4,banco_ripley,retail_financiero,morosidad_90d,comerciales,18.670909802887394
2025-04-01,2025,4,banco_ripley,retail_financiero,morosidad_90d,consumo,2.4424397918027267
2025-04-01,2025,4,banco_ripley,retail_financiero,morosidad_90d,personas_total,5.142398247587086
2025-04-01,2025,4,banco_ripley,retail_financiero,morosidad_90d,total_colocaciones,5.152339494618719
2025-04-01,2025,4,banco_ripley,retail_financiero,morosidad_90d,vivienda,23.575573338661606
2025-04-01,2025,4,banco_santander_chile,banca_tradicional,morosidad_90d,adeudado_bancos,0.0
2025-04-01,2025,4,banco_santander_chile,banca_tradicional,morosidad_90d,comerciales,3.3341709799558075
2025-04-01,2025,4,banco_santander_chile,banca_tradicional,morosidad_90d,consumo,2.240588283866741
2025-04-01,2025,4,banco_santander_chile,banca_tradicional,morosidad_90d,personas_total,2.1502797021282865
2025-04-01,2025,4,banco_santander_chile,banca_tradicional,morosidad_90d,total_colocaciones,2.681488915103345
2025-04-01,2025,4,banco_santander_chile,banca_tradicional,morosidad_90d,vivienda,2.1249800457397567
2025-05-01,2025,5,banco_bci,banca_tradicional,morosidad_90d,adeudado_bancos,0.0
2025-05-01,2025,5,banco_bci,banca_tradicional,morosidad_90d,comerciales,1.9428567585549203
2025-05-01,2025,5,banco_bci,banca_tradicional,morosidad_90d,consumo,2.3043768695114846
2025-05-01,2025,5,banco_bci,banca_tradicional,morosidad_90d,personas_total,2.248532120653141
2025-05-01,2025,5,banco_bci,banca_tradicional,morosidad_90d,total_colocaciones,2.0259374589331447
2025-05-01,2025,5,banco_bci,banca_tradicional,morosidad_90d,vivienda,2.2354659250299638
2025-05-01,2025,5,banco_de_chile,banca_tradicional,morosidad_90d,adeudado_bancos,0.0
2025-05-01,2025,5,banco_de_chile,banca_tradicional,morosidad_90d,comerciales,1.396453057495808
2025-05-01,2025,5,banco_de_chile,banca_tradicional,morosidad_90d,consumo,1.7537775947121217
2025-05-01,2025,5,banco_de_chile,banca_tradicional,morosidad_90d,personas_total,1.519086171375207
2025-05-01,2025,5,banco_de_chile,banca_tradicional,morosidad_90d,total_colocaciones,1.4350035598651145
2025-05-01,2025,5,banco_de_chile,banca_tradicional,morosidad_90d,vivienda,1.4238135136713703
2025-05-01,2025,5,banco_falabella,retail_financiero,morosidad_90d,adeudado_bancos,
2025-05-01,2025,5,banco_falabella,retail_financiero,morosidad_90d,comerciales,5.6148263154157485
2025-05-01,2025,5,banco_falabella,retail_financiero,morosidad_90d,consumo,2.2632298340259043
2025-05-01,2025,5,banco_falabella,retail_financiero,morosidad_90d,personas_total,3.317957161719127
2025-05-01,2025,5,banco_falabella,retail_financiero,morosidad_90d,total_colocaciones,3.4260706202791216
2025-05-01,2025,5,banco_falabella,retail_financiero,morosidad_90d,vivienda,4.548338500976344
2025-05-01,2025,5,banco_ripley,retail_financiero,morosidad_90d,adeudado_bancos,
2025-05-01,2025,5,banco_ripley,retail_financiero,morosidad_90d,comerciales,19.223992990239093
2025-05-01,2025,5,banco_ripley,retail_financiero,morosidad_90d,consumo,2.3940215294043146
2025-05-01,2025,5,banco_ripley,retail_financiero,morosidad_90d,personas_total,5.07231981808026
2025-05-01,2025,5,banco_ripley,retail_financiero,morosidad_90d,total_colocaciones,5.082302741680861
2025-05-01,2025,5,banco_ripley,retail_financiero,morosidad_90d,vivienda,24.06030218115934
2025-05-01,2025,5,banco_santander_chile,banca_tradicional,morosidad_90d,adeudado_bancos,0.0
2025-05-01,2025,5,banco_santander_chile,banca_tradicional,morosidad_90d,comerciales,3.505947518958326
2025-05-01,2025,5,banco_santander_chile,banca_tradicional,morosidad_90d,consumo,2.255871651203407
2025-05-01,2025,5,banco_santander_chile,banca_tradicional,morosidad_90d,personas_total,2.5697692863944765
2025-05-01,2025,5,banco_santander_chile,banca_tradicional,morosidad_90d,total_colocaciones,2.9866951873668874
2025-05-01,2025,5,banco_santander_chile,banca_tradicional,morosidad_90d,vivienda,2.657549603872695
2025-06-01,2025,6,banco_bci,banca_tradicional,morosidad_90d,adeudado_bancos,0.0
2025-06-01,2025,6,banco_bci,banca_tradicional,morosidad_90d,comerciales,1.883363519992477
2025-06-01,2025,6,banco_bci,banca_tradicional,morosidad_90d,consumo,2.18963637007471
2025-06-01,2025,6,banco_bci,banca_tradicional,morosidad_90d,personas_total,2.2124646104415975
2025-06-01,2025,6,banco_bci,banca_tradicional,morosidad_90d,total_colocaciones,1.9759922324296455
2025-06-01,2025,6,banco_bci,banca_tradicional,morosidad_90d,vivienda,2.217808722139237
2025-06-01,2025,6,banco_de_chile,banca_tradicional,morosidad_90d,adeudado_bancos,0.0
2025-06-01,2025,6,banco_de_chile,banca_tradicional,morosidad_90d,comerciales,1.410434559791834
2025-06-01,2025,6,banco_de_chile,banca_tradicional,morosidad_90d,consumo,1.8029603016361495
2025-06-01,2025,6,banco_de_chile,banca_tradicional,morosidad_90d,personas_total,1.5263542212002574
2025-06-01,2025,6,banco_de_chile,banca_tradicional,morosidad_90d,total_colocaciones,1.458194374783486
2025-06-01,2025,6,banco_de_chile,banca_tradicional,morosidad_90d,vivienda,1.4140270889835103
2025-06-01,2025,6,banco_falabella,retail_financiero,morosidad_90d,adeudado_bancos,
2025-06-01,2025,6,banco_falabella,retail_financiero,morosidad_90d,comerciales,5.326900173367409
2025-06-01,2025,6,banco_falabella,retail_financiero,morosidad_90d,consumo,2.2393833045892677
2025-06-01,2025,6,banco_falabella,retail_financiero,morosidad_90d,personas_total,3.279662478865549
2025-06-01,2025,6,banco_falabella,retail_financiero,morosidad_90d,total_colocaciones,3.375467982145611
2025-06-01,2025,6,banco_falabella,retail_financiero,morosidad_90d,vivienda,4.494375959774207
2025-06-01,2025,6,banco_ripley,retail_financiero,morosidad_90d,adeudado_bancos,
2025-06-01,2025,6,banco_ripley,retail_financiero,morosidad_90d,comerciales,26.95902451226932
2025-06-01,2025,6,banco_ripley,retail_financiero,morosidad_90d,consumo,2.330991352429437
2025-06-01,2025,6,banco_ripley,retail_financiero,morosidad_90d,personas_total,4.933257540961551
2025-06-01,2025,6,banco_ripley,retail_financiero,morosidad_90d,total_colocaciones,4.948009443205693
2025-06-01,2025,6,banco_ripley,retail_financiero,morosidad_90d,vivienda,24.169518191979673
2025-06-01,2025,6,banco_santander_chile,banca_tradicional,morosidad_90d,adeudado_bancos,0.0
2025-06-01,2025,6,banco_santander_chile,banca_tradicional,morosidad_90d,comerciales,3.4400058302183725
2025-06-01,2025,6,banco_santander_chile,banca_tradicional,morosidad_90d,consumo,2.2508951258972916
2025-06-01,2025,6,banco_santander_chile,banca_tradicional,morosidad_90d,personas_total,2.595660009288999
2025-06-01,2025,6,banco_santander_chile,banca_tradicional,morosidad_90d,total_colocaciones,2.9733523736863443
2025-06-01,2025,6,banco_santander_chile,banca_tradicional,morosidad_90d,vivienda,2.6925677461645257
2025-07-01,2025,7,banco_bci,banca_tradicional,morosidad_90d,adeudado_bancos,0.0
2025-07-01,2025,7,banco_bci,banca_tradicional,morosidad_90d,comerciales,1.9770795503926164
2025-07-01,2025,7,banco_bci,banca_tradicional,morosidad_90d,consumo,2.0567168254176895
2025-07-01,2025,7,banco_bci,banca_tradicional,morosidad_90d,personas_total,2.167666369495847
2025-07-01,2025,7,banco_bci,banca_tradicional,morosidad_90d,total_colocaciones,2.007640858036659
2025-07-01,2025,7,banco_bci,banca_tradicional,morosidad_90d,vivienda,2.193694103176679
2025-07-01,2025,7,banco_de_chile,banca_tradicional,morosidad_90d,adeudado_bancos,0.0
2025-07-01,2025,7,banco_de_chile,banca_tradicional,morosidad_90d,comerciales,1.4607907627655339
2025-07-01,2025,7,banco_de_chile,banca_tradicional,morosidad_90d,consumo,1.8687727203260613
2025-07-01,2025,7,banco_de_chile,banca_tradicional,morosidad_90d,personas_total,1.5383928188337739
2025-07-01,2025,7,banco_de_chile,banca_tradicional,morosidad_90d,total_colocaciones,1.48552316660082
2025-07-01,2025,7,banco_de_chile,banca_tradicional,morosidad_90d,vivienda,1.4048216292580638
2025-07-01,2025,7,banco_falabella,retail_financiero,morosidad_90d,adeudado_bancos,
2025-07-01,2025,7,banco_falabella,retail_financiero,morosidad_90d,comerciales,4.998553002640123
2025-07-01,2025,7,banco_falabella,retail_financiero,morosidad_90d,consumo,2.1269573053741695
2025-07-01,2025,7,banco_falabella,retail_financiero,morosidad_90d,personas_total,3.24937419683964
2025-07-01,2025,7,banco_falabella,retail_financiero,morosidad_90d,total_colocaciones,3.3306309587142864
2025-07-01,2025,7,banco_falabella,retail_financiero,morosidad_90d,vivienda,4.5848386023913985
2025-07-01,2025,7,banco_ripley,retail_financiero,morosidad_90d,adeudado_bancos,
2025-07-01,2025,7,banco_ripley,retail_financiero,morosidad_90d,comerciales,27.030381403872468
2025-07-01,2025,7,banco_ripley,retail_financiero,morosidad_90d,consumo,2.3750676526604484
2025-07-01,2025,7,banco_ripley,retail_financiero,morosidad_90d,personas_total,4.827624902666738
2025-07-01,2025,7,banco_ripley,retail_financiero,morosidad_90d,total_colocaciones,4.84135362712091
2025-07-01,2025,7,banco_ripley,retail_financiero,morosidad_90d,vivienda,23.99592098602306
2025-07-01,2025,7,banco_santander_chile,banca_tradicional,morosidad_90d,adeudado_bancos,0.0
2025-07-01,2025,7,banco_santander_chile,banca_tradicional,morosidad_90d,comerciales,3.38398031701218
2025-07-01,2025,7,banco_santander_chile,banca_tradicional,morosidad_90d,consumo,2.3387305739490154
2025-07-01,2025,7,banco_santander_chile,banca_tradicional,morosidad_90d,personas_total,2.6416728460862027
2025-07-01,2025,7,banco_santander_chile,banca_tradicional,morosidad_90d,total_colocaciones,2.9761144807190494
2025-07-01,2025,7,banco_santander_chile,banca_tradicional,morosidad_90d,vivienda,2.7274979447863816
2025-08-01,2025,8,banco_bci,banca_tradicional,morosidad_90d,adeudado_bancos,0.0
2025-08-01,2025,8,banco_bci,banca_tradicional,morosidad_90d,comerciales,2.121502726134052
2025-08-01,2025,8,banco_bci,banca_tradicional,morosidad_90d,consumo,2.02350400175587
2025-08-01,2025,8,banco_bci,banca_tradicional,morosidad_90d,personas_total,2.1755048747475754
2025-08-01,2025,8,banco_bci,banca_tradicional,morosidad_90d,total_colocaciones,2.075613367848693
2025-08-01,2025,8,banco_bci,banca_tradicional,morosidad_90d,vivienda,2.210914956710595
2025-08-01,2025,8,banco_de_chile,banca_tradicional,morosidad_90d,adeudado_bancos,0.0
2025-08-01,2025,8,banco_de_chile,banca_tradicional,morosidad_90d,comerciales,1.531529886454859
2025-08-01,2025,8,banco_de_chile,banca_tradicional,morosidad_90d,consumo,1.8156488492288605
2025-08-01,2025,8,banco_de_chile,banca_tradicional,morosidad_90d,personas_total,1.5532241780009377
2025-08-01,2025,8,banco_de_chile,banca_tradicional,morosidad_90d,total_colocaciones,1.5196312939693692
2025-08-01,2025,8,banco_de_chile,banca_tradicional,morosidad_90d,vivienda,1.4477995905052992
2025-08-01,2025,8,banco_falabella,retail_financiero,morosidad_90d,adeudado_bancos,
2025-08-01,2025,8,banco_falabella,retail_financiero,morosidad_90d,comerciales,4.988894113651072
2025-08-01,2025,8,banco_falabella,retail_financiero,morosidad_90d,consumo,2.040800347574199
2025-08-01,2025,8,banco_falabella,retail_financiero,morosidad_90d,personas_total,3.160396477529876
2025-08-01,2025,8,banco_falabella,retail_financiero,morosidad_90d,total_colocaciones,3.2447727660338797
2025-08-01,2025,8,banco_falabella,retail_financiero,morosidad_90d,vivienda,4.527121480767692
2025-08-01,2025,8,banco_ripley,retail_financiero,morosidad_90d,adeudado_bancos,
2025-08-01,2025,8,banco_ripley,retail_financiero,morosidad_90d,comerciales,20.54137207242454
2025-08-01,2025,8,banco_ripley,retail_financiero,morosidad_90d,consumo,2.5440670123798603
2025-08-01,2025,8,banco_ripley,retail_financiero,morosidad_90d,personas_total,4.986890143029518
2025-08-01,2025,8,banco_ripley,retail_financiero,morosidad_90d,total_colocaciones,4.99594784378656
2025-08-01,2025,8,banco_ripley,retail_financiero,morosidad_90d,vivienda,24.62251475128898
2025-08-01,2025,8,banco_santander_chile,banca_tradicional,morosidad_90d,adeudado_bancos,0.0
2025-08-01,2025,8,banco_santander_chile,banca_tradicional,morosidad_90d,comerciales,3.24954298579721
2025-08-01,2025,8,banco_santander_chile,banca_tradicional,morosidad_90d,consumo,2.3273689903827948
2025-08-01,2025,8,banco_santander_chile,banca_tradicional,morosidad_90d,personas_total,2.227071289295702
2025-08-01,2025,8,banco_santander_chile,banca_tradicional,morosidad_90d,total_colocaciones,2.6873554205713
2025-08-01,2025,8,banco_santander_chile,banca_tradicional,morosidad_90d,vivienda,2.19887394635234
2025-09-01,2025,9,banco_bci,banca_tradicional,morosidad_90d,adeudado_bancos,0.0
2025-09-01,2025,9,banco_bci,banca_tradicional,morosidad_90d,comerciales,2.1596972107851595
2025-09-01,2025,9,banco_bci,banca_tradicional,morosidad_90d,consumo,2.074735412417259
2025-09-01,2025,9,banco_bci,banca_tradicional,morosidad_90d,personas_total,2.159463490883389
2025-09-01,2025,9,banco_bci,banca_tradicional,morosidad_90d,total_colocaciones,2.1090541126207816
2025-09-01,2025,9,banco_bci,banca_tradicional,morosidad_90d,vivienda,2.1792135443045186
2025-09-01,2025,9,banco_de_chile,banca_tradicional,morosidad_90d,adeudado_bancos,0.0
2025-09-01,2025,9,banco_de_chile,banca_tradicional,morosidad_90d,comerciales,1.5608978238064155
2025-09-01,2025,9,banco_de_chile,banca_tradicional,morosidad_90d,consumo,1.9593047453937074
2025-09-01,2025,9,banco_de_chile,banca_tradicional,morosidad_90d,personas_total,1.5690030942165003
2025-09-01,2025,9,banco_de_chile,banca_tradicional,morosidad_90d,total_colocaciones,1.5391255185929789
2025-09-01,2025,9,banco_de_chile,banca_tradicional,morosidad_90d,vivienda,1.4127673347386518
2025-09-01,2025,9,banco_falabella,retail_financiero,morosidad_90d,adeudado_bancos,
2025-09-01,2025,9,banco_falabella,retail_financiero,morosidad_90d,comerciales,4.663971221347309
2025-09-01,2025,9,banco_falabella,retail_financiero,morosidad_90d,consumo,2.0496996543928545
2025-09-01,2025,9,banco_falabella,retail_financiero,morosidad_90d,personas_total,3.11041878048802
2025-09-01,2025,9,banco_falabella,retail_financiero,morosidad_90d,total_colocaciones,3.181101898935062
2025-09-01,2025,9,banco_falabella,retail_financiero,morosidad_90d,vivienda,4.419260614574273
2025-09-01,2025,9,banco_ripley,retail_financiero,morosidad_90d,adeudado_bancos,
2025-09-01,2025,9,banco_ripley,retail_financiero,morosidad_90d,comerciales,20.94313302215687
2025-09-01,2025,9,banco_ripley,retail_financiero,morosidad_90d,consumo,2.8669636692895892
2025-09-01,2025,9,banco_ripley,retail_financiero,morosidad_90d,personas_total,5.326628016368199
2025-09-01,2025,9,banco_ripley,retail_financiero,morosidad_90d,total_colocaciones,5.335416435868061
2025-09-01,2025,9,banco_ripley,retail_financiero,morosidad_90d,vivienda,25.43754260632146
2025-09-01,2025,9,banco_santander_chile,banca_tradicional,morosidad_90d,adeudado_bancos,0.0
2025-09-01,2025,9,banco_santander_chile,banca_tradicional,morosidad_90d,comerciales,3.3506841640183285
2025-09-01,2025,9,banco_santander_chile,banca_tradicional,morosidad_90d,consumo,2.458210371266874
2025-09-01,2025,9,banco_santander_chile,banca_tradicional,morosidad_90d,personas_total,2.7868276984669795
2025-09-01,2025,9,banco_santander_chile,banca_tradicional,morosidad_90d,total_colocaciones,3.0381012845807676
2025-09-01,2025,9,banco_santander_chile,banca_tradicional,morosidad_90d,vivienda,2.8791330850834185
2025-10-01,2025,10,banco_bci,banca_tradicional,morosidad_90d,adeudado_bancos,0.0
2025-10-01,2025,10,banco_bci,banca_tradicional,morosidad_90d,comerciales,2.114325696236171
2025-10-01,2025,10,banco_bci,banca_tradicional,morosidad_90d,consumo,2.2039440089138638
2025-10-01,2025,10,banco_bci,banca_tradicional,morosidad_90d,personas_total,2.186440611225219
2025-10-01,2025,10,banco_bci,banca_tradicional,morosidad_90d,total_colocaciones,2.0841288942525256
2025-10-01,2025,10,banco_bci,banca_tradicional,morosidad_90d,vivienda,2.1823345831495815
2025-10-01,2025,10,banco_de_chile,banca_tradicional,morosidad_90d,adeudado_bancos,0.0
2025-10-01,2025,10,banco_de_chile,banca_tradicional,morosidad_90d,comerciales,1.6809817938112088
2025-10-01,2025,10,banco_de_chile,banca_tradicional,morosidad_90d,consumo,1.9434724075779888
2025-10-01,2025,10,banco_de_chile,banca_tradicional,morosidad_90d,personas_total,1.612395517032637
2025-10-01,2025,10,banco_de_chile,banca_tradicional,morosidad_90d,total_colocaciones,1.622618174948667
2025-10-01,2025,10,banco_de_chile,banca_tradicional,morosidad_90d,vivienda,1.4782941821896767
2025-10-01,2025,10,banco_falabella,retail_financiero,morosidad_90d,adeudado_bancos,
2025-10-01,2025,10,banco_falabella,retail_financiero,morosidad_90d,comerciales,7.191016928591529
2025-10-01,2025,10,banco_falabella,retail_financiero,morosidad_90d,consumo,2.020323893417549
2025-10-01,2025,10,banco_falabella,retail_financiero,morosidad_90d,personas_total,3.0945103970843078
2025-10-01,2025,10,banco_falabella,retail_financiero,morosidad_90d,total_colocaciones,3.2773627280918842
2025-10-01,2025,10,banco_falabella,retail_financiero,morosidad_90d,vivienda,4.4509694430342694
2025-10-01,2025,10,banco_ripley,retail_financiero,morosidad_90d,adeudado_bancos,
2025-10-01,2025,10,banco_ripley,retail_financiero,morosidad_90d,comerciales,21.049527185798446
2025-10-01,2025,10,banco_ripley,retail_financiero,morosidad_90d,consumo,2.891189914217819
2025-10-01,2025,10,banco_ripley,retail_financiero,morosidad_90d,personas_total,5.3272258877211565
2025-10-01,2025,10,banco_ripley,retail_financiero,morosidad_90d,total_colocaciones,5.335794052536753
2025-10-01,2025,10,banco_ripley,retail_financiero,morosidad_90d,vivienda,25.84687941214905
2025-10-01,2025,10,banco_santander_chile,banca_tradicional,morosidad_90d,adeudado_bancos,0.0
2025-10-01,2025,10,banco_santander_chile,banca_tradicional,morosidad_90d,comerciales,3.3918922302825854
2025-10-01,2025,10,banco_santander_chile,banca_tradicional,morosidad_90d,consumo,2.496209226485558
2025-10-01,2025,10,banco_santander_chile,banca_tradicional,morosidad_90d,personas_total,2.818704760715562
2025-10-01,2025,10,banco_santander_chile,banca_tradicional,morosidad_90d,total_colocaciones,3.0745042560559064
2025-10-01,2025,10,banco_santander_chile,banca_tradicional,morosidad_90d,vivienda,2.910228941668888
2025-11-01,2025,11,banco_bci,banca_tradicional,morosidad_90d,adeudado_bancos,0.0
2025-11-01,2025,11,banco_bci,banca_tradicional,morosidad_90d,comerciales,2.133905204375844
2025-11-01,2025,11,banco_bci,banca_tradicional,morosidad_90d,consumo,2.1907025357463947
2025-11-01,2025,11,banco_bci,banca_tradicional,morosidad_90d,personas_total,2.232817464373716
2025-11-01,2025,11,banco_bci,banca_tradicional,morosidad_90d,total_colocaciones,2.126596339535814
2025-11-01,2025,11,banco_bci,banca_tradicional,morosidad_90d,vivienda,2.2427131256363624
2025-11-01,2025,11,banco_de_chile,banca_tradicional,morosidad_90d,adeudado_bancos,0.0
2025-11-01,2025,11,banco_de_chile,banca_tradicional,morosidad_90d,comerciales,1.6821798016425717
2025-11-01,2025,11,banco_de_chile,banca_tradicional,morosidad_90d,consumo,1.9220094014329907
2025-11-01,2025,11,banco_de_chile,banca_tradicional,morosidad_90d,personas_total,1.6084161062981523
2025-11-01,2025,11,banco_de_chile,banca_tradicional,morosidad_90d,total_colocaciones,1.6315992325596347
2025-11-01,2025,11,banco_de_chile,banca_tradicional,morosidad_90d,vivienda,1.4812397022655113
2025-11-01,2025,11,banco_falabella,retail_financiero,morosidad_90d,adeudado_bancos,
2025-11-01,2025,11,banco_falabella,retail_financiero,morosidad_90d,comerciales,6.492958113260807
2025-11-01,2025,11,banco_falabella,retail_financiero,morosidad_90d,consumo,2.037276428785817
2025-11-01,2025,11,banco_falabella,retail_financiero,morosidad_90d,personas_total,3.1223406314310362
2025-11-01,2025,11,banco_falabella,retail_financiero,morosidad_90d,total_colocaciones,3.275419506906347
2025-11-01,2025,11,banco_falabella,retail_financiero,morosidad_90d,vivienda,4.509376032922562
2025-11-01,2025,11,banco_ripley,retail_financiero,morosidad_90d,adeudado_bancos,
2025-11-01,2025,11,banco_ripley,retail_financiero,morosidad_90d,comerciales,20.014143638279112
2025-11-01,2025,11,banco_ripley,retail_financiero,morosidad_90d,consumo,3.009327417269188
2025-11-01,2025,11,banco_ripley,retail_financiero,morosidad_90d,personas_total,5.387364826205342
2025-11-01,2025,11,banco_ripley,retail_financiero,morosidad_90d,total_colocaciones,5.394852724292324
2025-11-01,2025,11,banco_ripley,retail_financiero,morosidad_90d,vivienda,26.127278078392898
2025-11-01,2025,11,banco_santander_chile,banca_tradicional,morosidad_90d,adeudado_bancos,0.0
2025-11-01,2025,11,banco_santander_chile,banca_tradicional,morosidad_90d,comerciales,3.368247707005815
2025-11-01,2025,11,banco_santander_chile,banca_tradicional,morosidad_90d,consumo,2.5523166619074393
2025-11-01,2025,11,banco_santander_chile,banca_tradicional,morosidad_90d,personas_total,2.377015218600348
2025-11-01,2025,11,banco_santander_chile,banca_tradicional,morosidad_90d,total_colocaciones,2.818086654697215
2025-11-01,2025,11,banco_santander_chile,banca_tradicional,morosidad_90d,vivienda,2.3272305239978905
2025-12-01,2025,12,banco_bci,banca_tradicional,morosidad_90d,adeudado_bancos,0.0
2025-12-01,2025,12,banco_bci,banca_tradicional,morosidad_90d,comerciales,2.1184859254958313
2025-12-01,2025,12,banco_bci,banca_tradicional,morosidad_90d,consumo,2.289168241340625
2025-12-01,2025,12,banco_bci,banca_tradicional,morosidad_90d,personas_total,2.2747815655816717
2025-12-01,2025,12,banco_bci,banca_tradicional,morosidad_90d,total_colocaciones,2.1438888905098774
2025-12-01,2025,12,banco_bci,banca_tradicional,morosidad_90d,vivienda,2.2713473358679956
2025-12-01,2025,12,banco_de_chile,banca_tradicional,morosidad_90d,adeudado_bancos,0.0
2025-12-01,2025,12,banco_de_chile,banca_tradicional,morosidad_90d,comerciales,1.6665874720191098
2025-12-01,2025,12,banco_de_chile,banca_tradicional,morosidad_90d,consumo,2.025489405895594
2025-12-01,2025,12,banco_de_chile,banca_tradicional,morosidad_90d,personas_total,1.6944881475859017
2025-12-01,2025,12,banco_de_chile,banca_tradicional,morosidad_90d,total_colocaciones,1.6636290455169114
2025-12-01,2025,12,banco_de_chile,banca_tradicional,morosidad_90d,vivienda,1.557346176783476
2025-12-01,2025,12,banco_falabella,retail_financiero,morosidad_90d,adeudado_bancos,
2025-12-01,2025,12,banco_falabella,retail_financiero,morosidad_90d,comerciales,6.586010023580523
2025-12-01,2025,12,banco_falabella,retail_financiero,morosidad_90d,consumo,2.0966078861141946
2025-12-01,2025,12,banco_falabella,retail_financiero,morosidad_90d,personas_total,3.166241493268004
2025-12-01,2025,12,banco_falabella,retail_financiero,morosidad_90d,total_colocaciones,3.319974486393858
2025-12-01,2025,12,banco_falabella,retail_financiero,morosidad_90d,vivienda,4.5323269626512985
2025-12-01,2025,12,banco_ripley,retail_financiero,morosidad_90d,adeudado_bancos,
2025-12-01,2025,12,banco_ripley,retail_financiero,morosidad_90d,comerciales,20.639175489374953
2025-12-01,2025,12,banco_ripley,retail_financiero,morosidad_90d,consumo,3.036438979410922
2025-12-01,2025,12,banco_ripley,retail_financiero,morosidad_90d,personas_total,5.368155030515325
2025-12-01,2025,12,banco_ripley,retail_financiero,morosidad_90d,total_colocaciones,5.375574123852571
2025-12-01,2025,12,banco_ripley,retail_financiero,morosidad_90d,vivienda,26.520728667014897
2025-12-01,2025,12,banco_santander_chile,banca_tradicional,morosidad_90d,adeudado_bancos,0.0
2025-12-01,2025,12,banco_santander_chile,banca_tradicional,morosidad_90d,comerciales,3.514544275495738
2025-12-01,2025,12,banco_santander_chile,banca_tradicional,morosidad_90d,consumo,2.6451917019113456
2025-12-01,2025,12,banco_santander_chile,banca_tradicional,morosidad_90d,personas_total,3.0064705002514045
2025-12-01,2025,12,banco_santander_chile,banca_tradicional,morosidad_90d,total_colocaciones,3.227191916443955
2025-12-01,2025,12,banco_santander_chile,banca_tradicional,morosidad_90d,vivienda,3.1110251266763354
2026-01-01,2026,1,banco_bci,banca_tradicional,morosidad_90d,adeudado_bancos,0.0
2026-01-01,2026,1,banco_bci,banca_tradicional,morosidad_90d,comerciales,1.9235071457070643
2026-01-01,2026,1,banco_bci,banca_tradicional,morosidad_90d,consumo,2.3570028214446603
2026-01-01,2026,1,banco_bci,banca_tradicional,morosidad_90d,personas_total,2.3144879111535523
2026-01-01,2026,1,banco_bci,banca_tradicional,morosidad_90d,total_colocaciones,2.0599992733061834
2026-01-01,2026,1,banco_bci,banca_tradicional,morosidad_90d,vivienda,2.304331723394058
2026-01-01,2026,1,banco_de_chile,banca_tradicional,morosidad_90d,adeudado_bancos,0.0
2026-01-01,2026,1,banco_de_chile,banca_tradicional,morosidad_90d,comerciales,1.6531182048021258
2026-01-01,2026,1,banco_de_chile,banca_tradicional,morosidad_90d,consumo,1.981119754786134
2026-01-01,2026,1,banco_de_chile,banca_tradicional,morosidad_90d,personas_total,1.6733203433789758
2026-01-01,2026,1,banco_de_chile,banca_tradicional,morosidad_90d,total_colocaciones,1.6540112848585968
2026-01-01,2026,1,banco_de_chile,banca_tradicional,morosidad_90d,vivienda,1.5461509242021485
2026-01-01,2026,1,banco_falabella,retail_financiero,morosidad_90d,adeudado_bancos,
2026-01-01,2026,1,banco_falabella,retail_financiero,morosidad_90d,comerciales,6.797528077848461
2026-01-01,2026,1,banco_falabella,retail_financiero,morosidad_90d,consumo,2.0763585419409494
2026-01-01,2026,1,banco_falabella,retail_financiero,morosidad_90d,personas_total,3.126217336280547
2026-01-01,2026,1,banco_falabella,retail_financiero,morosidad_90d,total_colocaciones,3.289472453432132
2026-01-01,2026,1,banco_falabella,retail_financiero,morosidad_90d,vivienda,4.466439481896789
2026-01-01,2026,1,banco_ripley,retail_financiero,morosidad_90d,adeudado_bancos,
2026-01-01,2026,1,banco_ripley,retail_financiero,morosidad_90d,comerciales,21.239676604141287
2026-01-01,2026,1,banco_ripley,retail_financiero,morosidad_90d,consumo,3.099284674381387
2026-01-01,2026,1,banco_ripley,retail_financiero,morosidad_90d,personas_total,5.391713511630711
2026-01-01,2026,1,banco_ripley,retail_financiero,morosidad_90d,total_colocaciones,5.398940704798623
2026-01-01,2026,1,banco_ripley,retail_financiero,morosidad_90d,vivienda,27.223568801397487
2026-01-01,2026,1,banco_santander_chile,banca_tradicional,morosidad_90d,adeudado_bancos,0.0
2026-01-01,2026,1,banco_santander_chile,banca_tradicional,morosidad_90d,comerciales,3.5625625054489705
2026-01-01,2026,1,banco_santander_chile,banca_tradicional,morosidad_90d,consumo,2.602272752193653
2026-01-01,2026,1,banco_santander_chile,banca_tradicional,morosidad_90d,personas_total,3.0572521479330588
2026-01-01,2026,1,banco_santander_chile,banca_tradicional,morosidad_90d,total_colocaciones,3.281683823639398
2026-01-01,2026,1,banco_santander_chile,banca_tradicional,morosidad_90d,vivienda,3.189390872840921
2026-02-01,2026,2,banco_bci,banca_tradicional,morosidad_90d,adeudado_bancos,0.0
2026-02-01,2026,2,banco_bci,banca_tradicional,morosidad_90d,comerciales,1.9372235291815727
2026-02-01,2026,2,banco_bci,banca_tradicional,morosidad_90d,consumo,2.3299967330147346
2026-02-01,2026,2,banco_bci,banca_tradicional,morosidad_90d,personas_total,2.3666349671650067
2026-02-01,2026,2,banco_bci,banca_tradicional,morosidad_90d,total_colocaciones,2.092183254974941
2026-02-01,2026,2,banco_bci,banca_tradicional,morosidad_90d,vivienda,2.375338975149532
2026-02-01,2026,2,banco_de_chile,banca_tradicional,morosidad_90d,adeudado_bancos,0.0
2026-02-01,2026,2,banco_de_chile,banca_tradicional,morosidad_90d,comerciales,1.6708066552998408
2026-02-01,2026,2,banco_de_chile,banca_tradicional,morosidad_90d,consumo,1.9865916360447606
2026-02-01,2026,2,banco_de_chile,banca_tradicional,morosidad_90d,personas_total,1.6819860659153496
2026-02-01,2026,2,banco_de_chile,banca_tradicional,morosidad_90d,total_colocaciones,1.653055015255899
2026-02-01,2026,2,banco_de_chile,banca_tradicional,morosidad_90d,vivienda,1.557610583795545
2026-02-01,2026,2,banco_falabella,retail_financiero,morosidad_90d,adeudado_bancos,
2026-02-01,2026,2,banco_falabella,retail_financiero,morosidad_90d,comerciales,6.960896117967421
2026-02-01,2026,2,banco_falabella,retail_financiero,morosidad_90d,consumo,2.1082388540148487
2026-02-01,2026,2,banco_falabella,retail_financiero,morosidad_90d,personas_total,3.198120506999314
2026-02-01,2026,2,banco_falabella,retail_financiero,morosidad_90d,total_colocaciones,3.3630521998194984
2026-02-01,2026,2,banco_falabella,retail_financiero,morosidad_90d,vivienda,4.593585752500941
2026-02-01,2026,2,banco_ripley,retail_financiero,morosidad_90d,adeudado_bancos,
2026-02-01,2026,2,banco_ripley,retail_financiero,morosidad_90d,comerciales,15.643182925640778
2026-02-01,2026,2,banco_ripley,retail_financiero,morosidad_90d,consumo,3.0919475765290407
2026-02-01,2026,2,banco_ripley,retail_financiero,morosidad_90d,personas_total,5.302716782193183
2026-02-01,2026,2,banco_ripley,retail_financiero,morosidad_90d,total_colocaciones,5.306866053719571
2026-02-01,2026,2,banco_ripley,retail_financiero,morosidad_90d,vivienda,27.152928937656053
2026-02-01,2026,2,banco_santander_chile,banca_tradicional,morosidad_90d,adeudado_bancos,0.0
2026-02-01,2026,2,banco_santander_chile,banca_tradicional,morosidad_90d,comerciales,3.58862578155634
2026-02-01,2026,2,banco_santander_chile,banca_tradicional,morosidad_90d,consumo,2.621483637092098
2026-02-01,2026,2,banco_santander_chile,banca_tradicional,morosidad_90d,personas_total,2.605643375167651
2026-02-01,2026,2,banco_santander_chile,banca_tradicional,morosidad_90d,total_colocaciones,3.041726320630603
2026-02-01,2026,2,banco_santander_chile,banca_tradicional,morosidad_90d,vivienda,2.6011129789470586
2026-03-01,2026,3,banco_bci,banca_tradicional,morosidad_90d,adeudado_bancos,0.0
2026-03-01,2026,3,banco_bci,banca_tradicional,morosidad_90d,comerciales,1.9440962920393792
2026-03-01,2026,3,banco_bci,banca_tradicional,morosidad_90d,consumo,2.3059444187550757
2026-03-01,2026,3,banco_bci,banca_tradicional,morosidad_90d,personas_total,2.29860286532535
2026-03-01,2026,3,banco_bci,banca_tradicional,morosidad_90d,total_colocaciones,2.0534708952094696
2026-03-01,2026,3,banco_bci,banca_tradicional,morosidad_90d,vivienda,2.296841500785314
2026-03-01,2026,3,banco_de_chile,banca_tradicional,morosidad_90d,adeudado_bancos,0.0
2026-03-01,2026,3,banco_de_chile,banca_tradicional,morosidad_90d,comerciales,1.6137923796522764
2026-03-01,2026,3,banco_de_chile,banca_tradicional,morosidad_90d,consumo,1.911138714628666
2026-03-01,2026,3,banco_de_chile,banca_tradicional,morosidad_90d,personas_total,1.649256083919849
2026-03-01,2026,3,banco_de_chile,banca_tradicional,morosidad_90d,total_colocaciones,1.6195924548127167
2026-03-01,2026,3,banco_de_chile,banca_tradicional,morosidad_90d,vivienda,1.5395467969000984
2026-03-01,2026,3,banco_falabella,retail_financiero,morosidad_90d,adeudado_bancos,
2026-03-01,2026,3,banco_falabella,retail_financiero,morosidad_90d,comerciales,7.355187580436745
2026-03-01,2026,3,banco_falabella,retail_financiero,morosidad_90d,consumo,2.1180167950688134
2026-03-01,2026,3,banco_falabella,retail_financiero,morosidad_90d,personas_total,3.1623781084101488
2026-03-01,2026,3,banco_falabella,retail_financiero,morosidad_90d,total_colocaciones,3.3427761472008153
2026-03-01,2026,3,banco_falabella,retail_financiero,morosidad_90d,vivienda,4.495575767111923
2026-03-01,2026,3,banco_ripley,retail_financiero,morosidad_90d,adeudado_bancos,
2026-03-01,2026,3,banco_ripley,retail_financiero,morosidad_90d,comerciales,12.017258549434716
2026-03-01,2026,3,banco_ripley,retail_financiero,morosidad_90d,consumo,2.936322838316925
2026-03-01,2026,3,banco_ripley,retail_financiero,morosidad_90d,personas_total,5.185521464983745
2026-03-01,2026,3,banco_ripley,retail_financiero,morosidad_90d,total_colocaciones,5.187995421499441
2026-03-01,2026,3,banco_ripley,retail_financiero,morosidad_90d,vivienda,28.23793534954216
2026-03-01,2026,3,banco_santander_chile,banca_tradicional,morosidad_90d,adeudado_bancos,0.0
2026-03-01,2026,3,banco_santander_chile,banca_tradicional,morosidad_90d,comerciales,3.5964201790197365
2026-03-01,2026,3,banco_santander_chile,banca_tradicional,morosidad_90d,consumo,2.398165852556272
2026-03-01,2026,3,banco_santander_chile,banca_tradicional,morosidad_90d,personas_total,2.534632946603803
2026-03-01,2026,3,banco_santander_chile,banca_tradicional,morosidad_90d,total_colocaciones,3.004571907681869
2026-03-01,2026,3,banco_santander_chile,banca_tradicional,morosidad_90d,vivienda,2.5744908047957806
2026-04-01,2026,4,banco_bci,banca_tradicional,morosidad_90d,adeudado_bancos,0.0
2026-04-01,2026,4,banco_bci,banca_tradicional,morosidad_90d,comerciales,1.7414945798193386
2026-04-01,2026,4,banco_bci,banca_tradicional,morosidad_90d,consumo,2.23900890965346
2026-04-01,2026,4,banco_bci,banca_tradicional,morosidad_90d,personas_total,2.2380961863798676
2026-04-01,2026,4,banco_bci,banca_tradicional,morosidad_90d,total_colocaciones,1.9232332163104293
2026-04-01,2026,4,banco_bci,banca_tradicional,morosidad_90d,vivienda,2.237877757982102
2026-04-01,2026,4,banco_de_chile,banca_tradicional,morosidad_90d,adeudado_bancos,0.0
2026-04-01,2026,4,banco_de_chile,banca_tradicional,morosidad_90d,comerciales,1.5809011078649895
2026-04-01,2026,4,banco_de_chile,banca_tradicional,morosidad_90d,consumo,1.9390180254251113
2026-04-01,2026,4,banco_de_chile,banca_tradicional,morosidad_90d,personas_total,1.699713817825845
2026-04-01,2026,4,banco_de_chile,banca_tradicional,morosidad_90d,total_colocaciones,1.6317514239208404
2026-04-01,2026,4,banco_de_chile,banca_tradicional,morosidad_90d,vivienda,1.6000950043864863
2026-04-01,2026,4,banco_falabella,retail_financiero,morosidad_90d,adeudado_bancos,
2026-04-01,2026,4,banco_falabella,retail_financiero,morosidad_90d,comerciales,7.439112455298244
2026-04-01,2026,4,banco_falabella,retail_financiero,morosidad_90d,consumo,2.125214450126709
2026-04-01,2026,4,banco_falabella,retail_financiero,morosidad_90d,personas_total,3.155684931632779
2026-04-01,2026,4,banco_falabella,retail_financiero,morosidad_90d,total_colocaciones,3.3405465459476047
2026-04-01,2026,4,banco_falabella,retail_financiero,morosidad_90d,vivienda,4.4534703008785765
2026-04-01,2026,4,banco_ripley,retail_financiero,morosidad_90d,adeudado_bancos,
2026-04-01,2026,4,banco_ripley,retail_financiero,morosidad_90d,comerciales,12.410918638732408
2026-04-01,2026,4,banco_ripley,retail_financiero,morosidad_90d,consumo,2.837275907323639
2026-04-01,2026,4,banco_ripley,retail_financiero,morosidad_90d,personas_total,4.944185674741128
2026-04-01,2026,4,banco_ripley,retail_financiero,morosidad_90d,total_colocaciones,4.946757647174998
2026-04-01,2026,4,banco_ripley,retail_financiero,morosidad_90d,vivienda,27.423403659851818
2026-04-01,2026,4,banco_santander_chile,banca_tradicional,morosidad_90d,adeudado_bancos,0.0
2026-04-01,2026,4,banco_santander_chile,banca_tradicional,morosidad_90d,comerciales,3.552751384824391
2026-04-01,2026,4,banco_santander_chile,banca_tradicional,morosidad_90d,consumo,2.269832132472416
2026-04-01,2026,4,banco_santander_chile,banca_tradicional,morosidad_90d,personas_total,2.525012197342514
2026-04-01,2026,4,banco_santander_chile,banca_tradicional,morosidad_90d,total_colocaciones,2.9790663783398035
2026-04-01,2026,4,banco_santander_chile,banca_tradicional,morosidad_90d,vivienda,2.5992740993307053
2026-05-01,2026,5,banco_bci,banca_tradicional,morosidad_90d,adeudado_bancos,0.0
2026-05-01,2026,5,banco_bci,banca_tradicional,morosidad_90d,comerciales,1.7051192492424239
2026-05-01,2026,5,banco_bci,banca_tradicional,morosidad_90d,consumo,2.230022465162228
2026-05-01,2026,5,banco_bci,banca_tradicional,morosidad_90d,personas_total,2.21598442694255
2026-05-01,2026,5,banco_bci,banca_tradicional,morosidad_90d,total_colocaciones,1.9009524316858237
2026-05-01,2026,5,banco_bci,banca_tradicional,morosidad_90d,vivienda,2.212677159393572
2026-05-01,2026,5,banco_de_chile,banca_tradicional,morosidad_90d,adeudado_bancos,0.0
2026-05-01,2026,5,banco_de_chile,banca_tradicional,morosidad_90d,comerciales,1.5700971300777404
2026-05-01,2026,5,banco_de_chile,banca_tradicional,morosidad_90d,consumo,1.9603959144127354
2026-05-01,2026,5,banco_de_chile,banca_tradicional,morosidad_90d,personas_total,1.7041831621776344
2026-05-01,2026,5,banco_de_chile,banca_tradicional,morosidad_90d,total_colocaciones,1.6259699839446629
2026-05-01,2026,5,banco_de_chile,banca_tradicional,morosidad_90d,vivienda,1.5993232282630643
2026-05-01,2026,5,banco_falabella,retail_financiero,morosidad_90d,adeudado_bancos,
2026-05-01,2026,5,banco_falabella,retail_financiero,morosidad_90d,comerciales,7.399539341452354
2026-05-01,2026,5,banco_falabella,retail_financiero,morosidad_90d,consumo,2.1023056984213304
2026-05-01,2026,5,banco_falabella,retail_financiero,morosidad_90d,personas_total,3.1402055027285285
2026-05-01,2026,5,banco_falabella,retail_financiero,morosidad_90d,total_colocaciones,3.325139591596041
2026-05-01,2026,5,banco_falabella,retail_financiero,morosidad_90d,vivienda,4.401164627578618
2026-05-01,2026,5,banco_ripley,retail_financiero,morosidad_90d,adeudado_bancos,
2026-05-01,2026,5,banco_ripley,retail_financiero,morosidad_90d,comerciales,20.374987764909726
2026-05-01,2026,5,banco_ripley,retail_financiero,morosidad_90d,consumo,2.8676645440343957
2026-05-01,2026,5,banco_ripley,retail_financiero,morosidad_90d,personas_total,4.906656279774909
2026-05-01,2026,5,banco_ripley,retail_financiero,morosidad_90d,total_colocaciones,4.911789506529635
2026-05-01,2026,5,banco_ripley,retail_financiero,morosidad_90d,vivienda,27.219110518478423
2026-05-01,2026,5,banco_santander_chile,banca_tradicional,morosidad_90d,adeudado_bancos,0.0
2026-05-01,2026,5,banco_santander_chile,banca_tradicional,morosidad_90d,comerciales,3.5239955461578027
2026-05-01,2026,5,banco_santander_chile,banca_tradicional,morosidad_90d,consumo,2.1824641884114118
2026-05-01,2026,5,banco_santander_chile,banca_tradicional,morosidad_90d,personas_total,2.5013471883369487
2026-05-01,2026,5,banco_santander_chile,banca_tradicional,morosidad_90d,total_colocaciones,2.95465980429817
2026-05-01,2026,5,banco_santander_chile,banca_tradicional,morosidad_90d,vivienda,2.5924532809806062
